latitude,longitude,month,year,predicted_goldsteinscore
17.62787,23.737268,4,2011,6.9616094
17.62787,23.737268,5,2011,5.5282493
17.62787,23.737268,6,2011,0.29829112
17.62787,23.737268,7,2011,-0.91317195
17.62787,23.737268,8,2011,0.17978519
17.62787,23.737268,9,2011,1.0759037
17.62787,23.737268,10,2011,0.7834795
17.62787,23.737268,11,2011,0.13700691
17.62787,23.737268,12,2011,0.0068442146
17.62787,23.737268,1,2012,0.7200706
17.62787,23.737268,2,2012,0.94778204
17.62787,23.737268,3,2012,0.8725615
17.62787,23.737268,4,2012,0.7127206
17.62787,23.737268,5,2012,0.6849833
17.62787,23.737268,6,2012,0.71584785
17.62787,23.737268,7,2012,0.7129642
17.62787,23.737268,8,2012,0.65288347
17.62787,23.737268,9,2012,0.5722099
17.62787,23.737268,10,2012,0.495609
17.62787,23.737268,11,2012,0.41635668
17.62787,23.737268,12,2012,0.31968355
17.62787,23.737268,1,2013,0.8316421
17.62787,23.737268,2,2013,0.9536742
17.62787,23.737268,3,2013,0.91984844
14.587364,22.66106,7,2014,-0.73924404
14.587364,22.66106,8,2014,0.89775896
14.587364,22.66106,9,2014,1.142367
14.587364,22.66106,10,2014,0.6989928
14.587364,22.66106,11,2014,0.22130004
14.587364,22.66106,12,2014,-0.11361612
14.587364,22.66106,1,2015,-0.17606975
14.587364,22.66106,2,2015,-0.16142869
14.587364,22.66106,3,2015,-0.08340061
14.587364,22.66106,4,2015,-0.009477265
14.587364,22.66106,5,2015,0.040372185
14.587364,22.66106,6,2015,0.048362188
14.587364,22.66106,7,2015,0.0121787265
14.587364,22.66106,8,2015,-0.06712066
14.587364,22.66106,9,2015,-0.18611147
14.587364,22.66106,10,2015,-0.34179834
14.587364,22.66106,11,2015,-0.5317228
14.587364,22.66106,12,2015,-0.75378776
14.587364,22.66106,1,2016,-1.0909432
14.587364,22.66106,2,2016,-1.2755852
14.587364,22.66106,3,2016,-1.3895093
14.587364,22.66106,4,2016,-1.4163395
14.587364,22.66106,5,2016,-1.4015098
14.587364,22.66106,6,2016,-1.3705429
13.45,22.45,12,2017,-0.057510737
13.45,22.45,1,2018,-1.5123532
13.45,22.45,2,2018,-2.1046839
13.45,22.45,3,2018,-3.3247402
13.45,22.45,4,2018,-4.6028123
13.45,22.45,5,2018,-6.340648
13.45,22.45,6,2018,-8.507269
13.45,22.45,7,2018,-11.049191
13.45,22.45,8,2018,-13.375381
13.45,22.45,9,2018,-14.723402
13.45,22.45,10,2018,-14.797976
13.45,22.45,11,2018,-13.792425
13.45,22.45,12,2018,-12.031173
13.45,22.45,1,2019,-15.857731
13.45,22.45,2,2019,-17.364647
13.45,22.45,3,2019,-18.250101
13.45,22.45,4,2019,-17.665413
13.45,22.45,5,2019,-16.937525
13.45,22.45,6,2019,-16.115088
13.45,22.45,7,2019,-15.595008
13.45,22.45,8,2019,-15.228478
13.45,22.45,9,2019,-14.973178
13.45,22.45,10,2019,-14.6690445
13.45,22.45,11,2019,-14.267746
13.6333,22.4333,7,2016,4.0261707
13.6333,22.4333,8,2016,3.0935004
13.6333,22.4333,9,2016,2.2845101
13.6333,22.4333,10,2016,1.718828
13.6333,22.4333,11,2016,1.2357366
13.6333,22.4333,12,2016,0.7977395
13.6333,22.4333,1,2017,0.45426822
13.6333,22.4333,2,2017,0.1513052
13.6333,22.4333,3,2017,-0.10875893
13.6333,22.4333,4,2017,-0.34534982
13.6333,22.4333,5,2017,-0.56514174
13.6333,22.4333,6,2017,-0.7798058
13.6333,22.4333,7,2017,-0.9986794
13.6333,22.4333,8,2017,-1.2323232
13.6333,22.4333,9,2017,-1.4907981
13.6333,22.4333,10,2017,-1.7839001
13.6333,22.4333,11,2017,-2.1202195
13.6333,22.4333,12,2017,-2.5063164
13.6333,22.4333,1,2018,-4.299762
13.6333,22.4333,2,2018,-6.233607
13.6333,22.4333,3,2018,-9.128462
13.6333,22.4333,4,2018,-12.448229
13.6333,22.4333,5,2018,-15.2497425
13.6333,22.4333,6,2018,-16.411665
14.874563,31.478965,6,2019,0.69844055
14.874563,31.478965,7,2019,0.20808697
14.874563,31.478965,8,2019,-0.08966752
14.874563,31.478965,9,2019,-0.5009009
14.874563,31.478965,10,2019,-0.85216093
14.874563,31.478965,11,2019,-1.200023
14.874563,31.478965,12,2019,-1.5738456
14.874563,31.478965,1,2020,-0.5562276
14.874563,31.478965,2,2020,-0.30858758
14.874563,31.478965,3,2020,-0.1594573
14.874563,31.478965,4,2020,-0.16585949
14.874563,31.478965,5,2020,-0.25747523
14.874563,31.478965,6,2020,-0.41135794
14.874563,31.478965,7,2020,-0.6153878
14.874563,31.478965,8,2020,-0.8630504
14.874563,31.478965,9,2020,-1.1520705
14.874563,31.478965,10,2020,-1.4824332
14.874563,31.478965,11,2020,-1.8553586
14.874563,31.478965,12,2020,-2.2726524
14.874563,31.478965,1,2021,-1.4125481
14.874563,31.478965,2,2021,-1.169983
14.874563,31.478965,3,2021,-0.98575056
14.874563,31.478965,4,2021,-0.955528
14.874563,31.478965,5,2021,-1.0253243
13.5,22.45,7,2011,2.9527202
13.5,22.45,8,2011,0.9494269
13.5,22.45,9,2011,0.276744
13.5,22.45,10,2011,-0.2369788
13.5,22.45,11,2011,-0.5120486
13.5,22.45,12,2011,-0.7277425
13.5,22.45,1,2012,-0.1737456
13.5,22.45,2,2012,0.08976086
13.5,22.45,3,2012,0.32717255
13.5,22.45,4,2012,0.37012565
13.5,22.45,5,2012,0.3506013
13.5,22.45,6,2012,0.26871234
13.5,22.45,7,2012,0.15683451
13.5,22.45,8,2012,0.013664648
13.5,22.45,9,2012,-0.1595161
13.5,22.45,10,2012,-0.36507395
13.5,22.45,11,2012,-0.60354173
13.5,22.45,12,2012,-0.87439865
13.5,22.45,1,2013,-0.4553466
13.5,22.45,2,2013,-0.24128988
13.5,22.45,3,2013,-0.0046083783
13.5,22.45,4,2013,0.076478444
13.5,22.45,5,2013,0.08913099
13.5,22.45,6,2013,0.022519551
13.363172,25.767323,7,2011,-1.7534554
13.363172,25.767323,8,2011,-3.618986
13.363172,25.767323,9,2011,-6.2512527
13.363172,25.767323,10,2011,-7.424342
13.363172,25.767323,11,2011,-7.7609525
13.363172,25.767323,12,2011,-7.435644
13.363172,25.767323,1,2012,-6.159194
13.363172,25.767323,2,2012,-5.256713
13.363172,25.767323,3,2012,-4.7892423
13.363172,25.767323,4,2012,-4.9731784
13.363172,25.767323,5,2012,-5.413757
13.363172,25.767323,6,2012,-5.9304056
13.363172,25.767323,7,2012,-6.358
13.363172,25.767323,8,2012,-6.672486
13.363172,25.767323,9,2012,-6.891779
13.363172,25.767323,10,2012,-7.0751657
13.363172,25.767323,11,2012,-7.2720084
13.363172,25.767323,12,2012,-7.5043964
13.363172,25.767323,1,2013,-6.7998304
13.363172,25.767323,2,2013,-6.3361607
13.363172,25.767323,3,2013,-5.8976936
13.363172,25.767323,4,2013,-5.8814893
13.363172,25.767323,5,2013,-6.081868
13.363172,25.767323,6,2013,-6.463289
12.99,32.58,10,2011,-7.230753
12.99,32.58,11,2011,-7.4281883
12.99,32.58,12,2011,-6.593338
12.99,32.58,1,2012,-4.6682777
12.99,32.58,2,2012,-4.393536
12.99,32.58,3,2012,-4.581295
12.99,32.58,4,2012,-4.9571095
12.99,32.58,5,2012,-5.254551
12.99,32.58,6,2012,-5.538492
12.99,32.58,7,2012,-5.822104
12.99,32.58,8,2012,-6.115278
12.99,32.58,9,2012,-6.4159575
12.99,32.58,10,2012,-6.7205753
12.99,32.58,11,2012,-7.025824
12.99,32.58,12,2012,-7.329426
12.99,32.58,1,2013,-4.944738
12.99,32.58,2,2013,-4.420184
12.99,32.58,3,2013,-4.3220162
12.99,32.58,4,2013,-4.7217255
12.99,32.58,5,2013,-5.055642
12.99,32.58,6,2013,-5.3896174
12.99,32.58,7,2013,-5.7161264
12.99,32.58,8,2013,-6.0476217
12.99,32.58,9,2013,-6.3833823
15.75,32.45,12,2016,-0.79587126
15.75,32.45,1,2017,0.34502473
15.75,32.45,2,2017,0.736718
15.75,32.45,3,2017,0.7001133
15.75,32.45,4,2017,0.40016934
15.75,32.45,5,2017,0.18728873
15.75,32.45,6,2017,0.073321514
15.75,32.45,7,2017,-0.02113948
15.75,32.45,8,2017,-0.15612914
15.75,32.45,9,2017,-0.33424056
15.75,32.45,10,2017,-0.5323428
15.75,32.45,11,2017,-0.7355808
15.75,32.45,12,2017,-0.9450302
15.75,32.45,1,2018,0.21304277
15.75,32.45,2,2018,0.63453525
15.75,32.45,3,2018,0.5698941
15.75,32.45,4,2018,0.2529959
15.75,32.45,5,2018,0.01280275
15.75,32.45,6,2018,-0.12753426
15.75,32.45,7,2018,-0.23805532
15.75,32.45,8,2018,-0.38049117
15.75,32.45,9,2018,-0.56696373
15.75,32.45,10,2018,-0.77964854
15.75,32.45,11,2018,-1.0010896
14.73,33.3,12,2016,-6.399933
14.73,33.3,1,2017,-2.8027618
14.73,33.3,2,2017,0.009963043
14.73,33.3,3,2017,-0.7687064
14.73,33.3,4,2017,-1.7860633
14.73,33.3,5,2017,-2.1860855
14.73,33.3,6,2017,-2.3721457
14.73,33.3,7,2017,-2.5591762
14.73,33.3,8,2017,-2.7908766
14.73,33.3,9,2017,-3.054936
14.73,33.3,10,2017,-3.3337483
14.73,33.3,11,2017,-3.620482
14.73,33.3,12,2017,-3.9147604
14.73,33.3,1,2018,-2.4020374
14.73,33.3,2,2018,-1.837378
14.73,33.3,3,2018,-1.820179
14.73,33.3,4,2018,-2.10938
14.73,33.3,5,2018,-2.396303
14.73,33.3,6,2018,-2.6514332
14.73,33.3,7,2018,-2.9014504
14.73,33.3,8,2018,-3.165551
14.73,33.3,9,2018,-3.4481254
14.73,33.3,10,2018,-3.7458112
14.73,33.3,11,2018,-4.0536084
12.15,24.95,10,2011,3.7551603
12.15,24.95,11,2011,1.4605737
12.15,24.95,12,2011,0.26210982
12.15,24.95,1,2012,0.8825503
12.15,24.95,2,2012,1.0640931
12.15,24.95,3,2012,1.3582448
12.15,24.95,4,2012,1.4000328
12.15,24.95,5,2012,1.381404
12.15,24.95,6,2012,1.2748512
12.15,24.95,7,2012,1.1242377
12.15,24.95,8,2012,0.9270412
12.15,24.95,9,2012,0.6859988
12.15,24.95,10,2012,0.3980501
12.15,24.95,11,2012,0.06117683
12.15,24.95,12,2012,-0.32584357
12.15,24.95,1,2013,0.44618487
12.15,24.95,2,2013,0.8100148
12.15,24.95,3,2013,1.1901319
12.15,24.95,4,2013,1.3082049
12.15,24.95,5,2013,1.3253447
12.15,24.95,6,2013,1.2313253
12.15,24.95,7,2013,1.070456
12.15,24.95,8,2013,0.8464856
12.15,24.95,9,2013,0.5642168
13.55,33.4,10,2011,-7.975016
13.55,33.4,11,2011,-5.5064383
13.55,33.4,12,2011,-3.7282166
13.55,33.4,1,2012,-3.413395
13.55,33.4,2,2012,-3.7006955
13.55,33.4,3,2012,-3.8766062
13.55,33.4,4,2012,-4.04746
13.55,33.4,5,2012,-4.241122
13.55,33.4,6,2012,-4.4484477
13.55,33.4,7,2012,-4.6704245
13.55,33.4,8,2012,-4.9070673
13.55,33.4,9,2012,-5.1570625
13.55,33.4,10,2012,-5.4190397
13.55,33.4,11,2012,-5.6914697
13.55,33.4,12,2012,-5.972629
13.55,33.4,1,2013,-3.5382066
13.55,33.4,2,2013,-3.4381804
13.55,33.4,3,2013,-3.513053
13.55,33.4,4,2013,-3.742332
13.55,33.4,5,2013,-3.9472399
13.55,33.4,6,2013,-4.1713004
13.55,33.4,7,2013,-4.416086
13.55,33.4,8,2013,-4.6761365
13.55,33.4,9,2013,-4.9508224
13.33,33.5,10,2011,-4.69525
13.33,33.5,11,2011,-1.7743256
13.33,33.5,12,2011,-3.1014428
13.33,33.5,1,2012,-2.1897287
13.33,33.5,2,2012,-2.457361
13.33,33.5,3,2012,-2.5094616
13.33,33.5,4,2012,-2.6827495
13.33,33.5,5,2012,-2.8222077
13.33,33.5,6,2012,-2.9777164
13.33,33.5,7,2012,-3.1467953
13.33,33.5,8,2012,-3.3327844
13.33,33.5,9,2012,-3.5335667
13.33,33.5,10,2012,-3.7475739
13.33,33.5,11,2012,-3.973501
13.33,33.5,12,2012,-4.2101274
13.33,33.5,1,2013,-2.473525
13.33,33.5,2,2013,-2.1558127
13.33,33.5,3,2013,-2.153498
13.33,33.5,4,2013,-2.4134867
13.33,33.5,5,2013,-2.6106591
13.33,33.5,6,2013,-2.7930005
13.33,33.5,7,2013,-2.9786506
13.33,33.5,8,2013,-3.1819756
13.33,33.5,9,2013,-3.403052
13.589332,22.701395,10,2011,3.7138634
13.589332,22.701395,11,2011,10.1753645
13.589332,22.701395,12,2011,6.8900504
13.589332,22.701395,1,2012,5.4081936
13.589332,22.701395,2,2012,3.893842
13.589332,22.701395,3,2012,3.609347
13.589332,22.701395,4,2012,3.6052542
13.589332,22.701395,5,2012,3.8468199
13.589332,22.701395,6,2012,4.008025
13.589332,22.701395,7,2012,4.068141
13.589332,22.701395,8,2012,4.017331
13.589332,22.701395,9,2012,3.9115262
13.589332,22.701395,10,2012,3.778323
13.589332,22.701395,11,2012,3.6285932
13.589332,22.701395,12,2012,3.4569032
13.589332,22.701395,1,2013,3.5779223
13.589332,22.701395,2,2013,3.709585
13.589332,22.701395,3,2013,3.8718178
13.589332,22.701395,4,2013,3.9730244
13.589332,22.701395,5,2013,4.0250745
13.589332,22.701395,6,2013,4.023909
13.589332,22.701395,7,2013,3.9856434
13.589332,22.701395,8,2013,3.9155264
13.589332,22.701395,9,2013,3.8164933
13.567891,26.345678,10,2015,-6.741759
13.567891,26.345678,11,2015,-3.6009855
13.567891,26.345678,12,2015,2.8920255
13.567891,26.345678,1,2016,4.501584
13.567891,26.345678,2,2016,4.774418
13.567891,26.345678,3,2016,3.436669
13.567891,26.345678,4,2016,2.5948653
13.567891,26.345678,5,2016,1.9510517
13.567891,26.345678,6,2016,1.5373522
13.567891,26.345678,7,2016,1.2267118
13.567891,26.345678,8,2016,0.9659054
13.567891,26.345678,9,2016,0.7036396
13.567891,26.345678,10,2016,0.4128483
13.567891,26.345678,11,2016,0.07950338
13.567891,26.345678,12,2016,-0.29849204
13.567891,26.345678,1,2017,-0.4328557
13.567891,26.345678,2,2017,-0.53972805
13.567891,26.345678,3,2017,-0.56492496
13.567891,26.345678,4,2017,-0.5719162
13.567891,26.345678,5,2017,-0.5716851
13.567891,26.345678,6,2017,-0.59861505
13.567891,26.345678,7,2017,-0.67320096
13.567891,26.345678,8,2017,-0.81355053
13.567891,26.345678,9,2017,-1.0277185
13.95,22.45,9,2019,-1.0783416
13.95,22.45,10,2019,-2.4798667
13.95,22.45,11,2019,-4.539312
13.95,22.45,12,2019,-7.448954
13.95,22.45,1,2020,-15.364923
13.95,22.45,2,2020,-19.453485
13.95,22.45,3,2020,-20.014132
13.95,22.45,4,2020,-19.193125
13.95,22.45,5,2020,-18.185087
13.95,22.45,6,2020,-17.574694
13.95,22.45,7,2020,-17.371414
13.95,22.45,8,2020,-17.361666
13.95,22.45,9,2020,-17.327581
13.95,22.45,10,2020,-17.181496
13.95,22.45,11,2020,-16.932829
13.95,22.45,12,2020,-16.632448
13.95,22.45,1,2021,-18.840872
13.95,22.45,2,2021,-19.256723
13.95,22.45,3,2021,-19.321157
13.95,22.45,4,2021,-18.905233
13.95,22.45,5,2021,-18.609386
13.95,22.45,6,2021,-18.382053
13.95,22.45,7,2021,-18.257875
13.95,22.45,8,2021,-18.137508
11.46,26.13,12,2011,-6.07218
11.46,26.13,1,2012,-7.0025077
11.46,26.13,2,2012,-4.2147193
11.46,26.13,3,2012,-3.354199
11.46,26.13,4,2012,-1.4979897
11.46,26.13,5,2012,-0.8104918
11.46,26.13,6,2012,-0.22350773
11.46,26.13,7,2012,-0.1760101
11.46,26.13,8,2012,-0.27719536
11.46,26.13,9,2012,-0.55683196
11.46,26.13,10,2012,-0.9353579
11.46,26.13,11,2012,-1.4093401
11.46,26.13,12,2012,-1.964001
11.46,26.13,1,2013,-1.1679722
11.46,26.13,2,2013,-0.80009985
11.46,26.13,3,2013,-0.25707254
11.46,26.13,4,2013,0.004853278
11.46,26.13,5,2013,0.16778994
11.46,26.13,6,2013,0.14991246
11.46,26.13,7,2013,0.010666259
11.46,26.13,8,2013,-0.2524354
11.46,26.13,9,2013,-0.62447584
11.46,26.13,10,2013,-1.1046393
11.46,26.13,11,2013,-1.6912968
11.48,26.14,12,2013,0.3936564
11.48,26.14,1,2014,1.8054044
11.48,26.14,2,2014,1.0435143
11.48,26.14,3,2014,1.0604657
11.48,26.14,4,2014,0.7518762
11.48,26.14,5,2014,0.542058
11.48,26.14,6,2014,0.25906232
11.48,26.14,7,2014,-0.05644335
11.48,26.14,8,2014,-0.43185008
11.48,26.14,9,2014,-0.8749496
11.48,26.14,10,2014,-1.39943
11.48,26.14,11,2014,-2.0190406
11.48,26.14,12,2014,-2.747737
11.48,26.14,1,2015,-1.7235678
11.48,26.14,2,2015,-1.4829804
11.48,26.14,3,2015,-0.98935366
11.48,26.14,4,2015,-0.7987438
11.48,26.14,5,2015,-0.6708952
11.48,26.14,6,2015,-0.70665586
11.48,26.14,7,2015,-0.85859567
11.48,26.14,8,2015,-1.1388181
11.48,26.14,9,2015,-1.5451587
11.48,26.14,10,2015,-2.087604
11.48,26.14,11,2015,-2.7802682
11.94,23.05,8,2013,2.429319
11.94,23.05,9,2013,1.3243908
11.94,23.05,10,2013,0.47006202
11.94,23.05,11,2013,-0.4004586
11.94,23.05,12,2013,-1.3225478
11.94,23.05,1,2014,-0.68526477
11.94,23.05,2,2014,-0.6977924
11.94,23.05,3,2014,-0.4000285
11.94,23.05,4,2014,-0.36773643
11.94,23.05,5,2014,-0.33175746
11.94,23.05,6,2014,-0.44394296
11.94,23.05,7,2014,-0.6453043
11.94,23.05,8,2014,-0.9761615
11.94,23.05,9,2014,-1.4359219
11.94,23.05,10,2014,-2.0470984
11.94,23.05,11,2014,-2.828834
11.94,23.05,12,2014,-3.80396
11.94,23.05,1,2015,-4.1731067
11.94,23.05,2,2015,-5.071595
11.94,23.05,3,2015,-6.0537825
11.94,23.05,4,2015,-7.501916
11.94,23.05,5,2015,-9.293463
11.94,23.05,6,2015,-11.383628
11.94,23.05,7,2015,-13.29662
12.32,23.6,2,2012,4.393118
12.32,23.6,3,2012,4.8814797
12.32,23.6,4,2012,5.683531
12.32,23.6,5,2012,5.1454883
12.32,23.6,6,2012,5.0107336
12.32,23.6,7,2012,4.8477983
12.32,23.6,8,2012,4.850884
12.32,23.6,9,2012,4.8482447
12.32,23.6,10,2012,4.8370724
12.32,23.6,11,2012,4.784834
12.32,23.6,12,2012,4.6971774
12.32,23.6,1,2013,4.557911
12.32,23.6,2,2013,4.5873957
12.32,23.6,3,2013,4.663269
12.32,23.6,4,2013,4.7752056
12.32,23.6,5,2013,4.8684583
12.32,23.6,6,2013,4.936625
12.32,23.6,7,2013,4.9723396
12.32,23.6,8,2013,4.979341
12.32,23.6,9,2013,4.9587493
12.32,23.6,10,2013,4.911246
12.32,23.6,11,2013,4.835498
12.32,23.6,12,2013,4.7293773
12.32,23.6,1,2014,4.5952296
12.478965,32.214789,2,2012,-1.0777309
12.478965,32.214789,3,2012,-1.4619626
12.478965,32.214789,4,2012,-1.79224
12.478965,32.214789,5,2012,-2.1139123
12.478965,32.214789,6,2012,-2.3158083
12.478965,32.214789,7,2012,-2.504118
12.478965,32.214789,8,2012,-2.708498
12.478965,32.214789,9,2012,-2.9377525
12.478965,32.214789,10,2012,-3.1880643
12.478965,32.214789,11,2012,-3.454847
12.478965,32.214789,12,2012,-3.7348382
12.478965,32.214789,1,2013,-2.2001693
12.478965,32.214789,2,2013,-1.7389147
12.478965,32.214789,3,2013,-1.5764595
12.478965,32.214789,4,2013,-1.7626555
12.478965,32.214789,5,2013,-1.96569
12.478965,32.214789,6,2013,-2.1808848
12.478965,32.214789,7,2013,-2.4034786
12.478965,32.214789,8,2013,-2.6439097
12.478965,32.214789,9,2013,-2.9048963
12.478965,32.214789,10,2013,-3.1856868
12.478965,32.214789,11,2013,-3.4835858
12.478965,32.214789,12,2013,-3.7952242
12.478965,32.214789,1,2014,-2.365053
15.789456,33.147852,2,2012,-3.7865558
15.789456,33.147852,3,2012,-2.660734
15.789456,33.147852,4,2012,-1.7770597
15.789456,33.147852,5,2012,-2.1522517
15.789456,33.147852,6,2012,-2.551238
15.789456,33.147852,7,2012,-2.6053557
15.789456,33.147852,8,2012,-2.642441
15.789456,33.147852,9,2012,-2.7941217
15.789456,33.147852,10,2012,-2.9733844
15.789456,33.147852,11,2012,-3.1281192
15.789456,33.147852,12,2012,-3.2856817
15.789456,33.147852,1,2013,-1.4131843
15.789456,33.147852,2,2013,-1.4956585
15.789456,33.147852,3,2013,-1.905958
15.789456,33.147852,4,2013,-2.0843446
15.789456,33.147852,5,2013,-2.1137972
15.789456,33.147852,6,2013,-2.1951883
15.789456,33.147852,7,2013,-2.3336675
15.789456,33.147852,8,2013,-2.480085
15.789456,33.147852,9,2013,-2.6249375
15.789456,33.147852,10,2013,-2.7814023
15.789456,33.147852,11,2013,-2.9536288
15.789456,33.147852,12,2013,-3.1370595
15.789456,33.147852,1,2014,-1.278277
17.878412,30.478965,2,2016,-1.0747037
17.878412,30.478965,3,2016,-1.1558459
17.878412,30.478965,4,2016,-0.48251078
17.878412,30.478965,5,2016,-0.43230188
17.878412,30.478965,6,2016,-0.6992587
17.878412,30.478965,7,2016,-0.8480189
17.878412,30.478965,8,2016,-0.89088774
17.878412,30.478965,9,2016,-0.9724264
17.878412,30.478965,10,2016,-1.110601
17.878412,30.478965,11,2016,-1.2566177
17.878412,30.478965,12,2016,-1.3967116
17.878412,30.478965,1,2017,-0.30338076
17.878412,30.478965,2,2017,-0.22215809
17.878412,30.478965,3,2017,-0.47503236
17.878412,30.478965,4,2017,-0.62568676
17.878412,30.478965,5,2017,-0.6566426
17.878412,30.478965,6,2017,-0.70321256
17.878412,30.478965,7,2017,-0.8003502
17.878412,30.478965,8,2017,-0.9175993
17.878412,30.478965,9,2017,-1.0368387
17.878412,30.478965,10,2017,-1.1642085
17.878412,30.478965,11,2017,-1.307084
17.878412,30.478965,12,2017,-1.4643959
17.878412,30.478965,1,2018,-0.4160299
16.784125,29.365478,2,2016,-0.68472356
16.784125,29.365478,3,2016,-0.4552585
16.784125,29.365478,4,2016,-0.70867693
16.784125,29.365478,5,2016,-0.90353453
16.784125,29.365478,6,2016,-0.9994497
16.784125,29.365478,7,2016,-1.1145011
16.784125,29.365478,8,2016,-1.2517934
16.784125,29.365478,9,2016,-1.4021
16.784125,29.365478,10,2016,-1.5668353
16.784125,29.365478,11,2016,-1.7472765
16.784125,29.365478,12,2016,-1.9430555
16.784125,29.365478,1,2017,-0.6047847
16.784125,29.365478,2,2017,-0.5330092
16.784125,29.365478,3,2017,-0.6042856
16.784125,29.365478,4,2017,-0.709128
16.784125,29.365478,5,2017,-0.81015265
16.784125,29.365478,6,2017,-0.9246882
16.784125,29.365478,7,2017,-1.0555369
16.784125,29.365478,8,2017,-1.2020589
16.784125,29.365478,9,2017,-1.3645104
16.784125,29.365478,10,2017,-1.5431821
16.784125,29.365478,11,2017,-1.7381102
16.784125,29.365478,12,2017,-1.9491743
16.784125,29.365478,1,2018,-0.6510851
14.521478,30.487965,2,2012,-0.86660266
14.521478,30.487965,3,2012,-0.8217806
14.521478,30.487965,4,2012,-0.90785074
14.521478,30.487965,5,2012,-0.99254495
14.521478,30.487965,6,2012,-1.0358862
14.521478,30.487965,7,2012,-1.0896549
14.521478,30.487965,8,2012,-1.1641078
14.521478,30.487965,9,2012,-1.2551136
14.521478,30.487965,10,2012,-1.3602837
14.521478,30.487965,11,2012,-1.4800341
14.521478,30.487965,12,2012,-1.6148369
14.521478,30.487965,1,2013,-0.76804626
14.521478,30.487965,2,2013,-0.6838286
14.521478,30.487965,3,2013,-0.6992137
14.521478,30.487965,4,2013,-0.7618551
14.521478,30.487965,5,2013,-0.80485904
14.521478,30.487965,6,2013,-0.8556731
14.521478,30.487965,7,2013,-0.92279595
14.521478,30.487965,8,2013,-1.0068156
14.521478,30.487965,9,2013,-1.1066533
14.521478,30.487965,10,2013,-1.2221365
14.521478,30.487965,11,2013,-1.3534518
14.521478,30.487965,12,2013,-1.5006201
14.521478,30.487965,1,2014,-0.67522144
15.698745,29.874563,2,2016,0.46942288
15.698745,29.874563,3,2016,0.56718487
15.698745,29.874563,4,2016,0.06470249
15.698745,29.874563,5,2016,-0.05652697
15.698745,29.874563,6,2016,-0.1432203
15.698745,29.874563,7,2016,-0.22883241
15.698745,29.874563,8,2016,-0.34329653
15.698745,29.874563,9,2016,-0.479995
15.698745,29.874563,10,2016,-0.63385886
15.698745,29.874563,11,2016,-0.80330133
15.698745,29.874563,12,2016,-0.9885161
15.698745,29.874563,1,2017,-0.12884095
15.698745,29.874563,2,2017,0.073131435
15.698745,29.874563,3,2017,0.11801154
15.698745,29.874563,4,2017,0.021699458
15.698745,29.874563,5,2017,-0.0779682
15.698745,29.874563,6,2017,-0.18342188
15.698745,29.874563,7,2017,-0.29837832
15.698745,29.874563,8,2017,-0.42971203
15.698745,29.874563,9,2017,-0.57912
15.698745,29.874563,10,2017,-0.7465058
15.698745,29.874563,11,2017,-0.93133676
15.698745,29.874563,12,2017,-1.1331133
15.698745,29.874563,1,2018,-0.3467604
12.689457,30.147852,2,2012,1.5002885
12.689457,30.147852,3,2012,4.6479287
12.689457,30.147852,4,2012,1.8795204
12.689457,30.147852,5,2012,0.57549727
12.689457,30.147852,6,2012,-0.09534408
12.689457,30.147852,7,2012,-0.31958324
12.689457,30.147852,8,2012,-0.38977987
12.689457,30.147852,9,2012,-0.49759892
12.689457,30.147852,10,2012,-0.71609586
12.689457,30.147852,11,2012,-1.0169876
12.689457,30.147852,12,2012,-1.3452195
12.689457,30.147852,1,2013,-0.07281221
12.689457,30.147852,2,2013,0.5806697
12.689457,30.147852,3,2013,0.9051416
12.689457,30.147852,4,2013,0.72360283
12.689457,30.147852,5,2013,0.43413043
12.689457,30.147852,6,2013,0.14061776
12.689457,30.147852,7,2013,-0.110500716
12.689457,30.147852,8,2013,-0.3468266
12.689457,30.147852,9,2013,-0.5958537
12.689457,30.147852,10,2013,-0.8742624
12.689457,30.147852,11,2013,-1.1831108
12.689457,30.147852,12,2013,-1.5145957
12.689457,30.147852,1,2014,-0.36521995
12.31,23.47,3,2012,5.4355326
12.31,23.47,4,2012,3.8010767
12.31,23.47,5,2012,3.25287
12.31,23.47,6,2012,2.5606308
12.31,23.47,7,2012,2.2545395
12.31,23.47,8,2012,2.0054617
12.31,23.47,9,2012,1.795409
12.31,23.47,10,2012,1.5608019
12.31,23.47,11,2012,1.2862477
12.31,23.47,12,2012,0.96072805
12.31,23.47,1,2013,1.5339462
12.31,23.47,2,2013,1.7996644
12.31,23.47,3,2013,2.0974965
12.31,23.47,4,2013,2.2041008
12.31,23.47,5,2013,2.2402043
12.31,23.47,6,2013,2.188462
12.31,23.47,7,2013,2.0820456
12.31,23.47,8,2013,1.9209244
12.31,23.47,9,2013,1.7079002
12.31,23.47,10,2013,1.4393424
12.31,23.47,11,2013,1.1110258
12.31,23.47,12,2013,0.7179953
12.31,23.47,1,2014,1.1737788
12.31,23.47,2,2014,1.3883677
14.365478,30.784125,5,2014,-0.065875754
14.365478,30.784125,6,2014,-2.0064778
14.365478,30.784125,7,2014,-2.06826
14.365478,30.784125,8,2014,-2.1385384
14.365478,30.784125,9,2014,-2.3054965
14.365478,30.784125,10,2014,-2.545069
14.365478,30.784125,11,2014,-2.7973769
14.365478,30.784125,12,2014,-3.0458076
14.365478,30.784125,1,2015,-1.6149012
14.365478,30.784125,2,2015,-1.2037956
14.365478,30.784125,3,2015,-1.2289178
14.365478,30.784125,4,2015,-1.4860194
14.365478,30.784125,5,2015,-1.6979228
14.365478,30.784125,6,2015,-1.8742524
14.365478,30.784125,7,2015,-2.0518281
14.365478,30.784125,8,2015,-2.2517924
14.365478,30.784125,9,2015,-2.475809
14.365478,30.784125,10,2015,-2.7187495
14.365478,30.784125,11,2015,-2.9762177
14.365478,30.784125,12,2015,-3.2458415
14.365478,30.784125,1,2016,-1.947813
14.365478,30.784125,2,2016,-1.4781897
14.365478,30.784125,3,2016,-1.4070476
14.365478,30.784125,4,2016,-1.627852
12.345678,24.876543,3,2012,-1.6043833
12.345678,24.876543,4,2012,-1.757483
12.345678,24.876543,5,2012,2.237159
12.345678,24.876543,6,2012,1.4132448
12.345678,24.876543,7,2012,1.6742865
12.345678,24.876543,8,2012,1.1197281
12.345678,24.876543,9,2012,0.881327
12.345678,24.876543,10,2012,0.57931036
12.345678,24.876543,11,2012,0.30681282
12.345678,24.876543,12,2012,0.0049571614
12.345678,24.876543,1,2013,0.5726805
12.345678,24.876543,2,2013,0.7963326
12.345678,24.876543,3,2013,1.0835449
12.345678,24.876543,4,2013,1.179163
12.345678,24.876543,5,2013,1.2236985
12.345678,24.876543,6,2013,1.1803195
12.345678,24.876543,7,2013,1.0882897
12.345678,24.876543,8,2013,0.9444207
12.345678,24.876543,9,2013,0.7559201
12.345678,24.876543,10,2013,0.5214499
12.345678,24.876543,11,2013,0.24048877
12.345678,24.876543,12,2013,-0.08864708
12.345678,24.876543,1,2014,0.38688505
12.345678,24.876543,2,2014,0.578029
14.22403,33.607028,7,2017,-0.4999271
14.22403,33.607028,8,2017,-1.40524
14.22403,33.607028,9,2017,-1.7828819
14.22403,33.607028,10,2017,-2.2748733
14.22403,33.607028,11,2017,-2.6486297
14.22403,33.607028,12,2017,-2.9703264
14.22403,33.607028,1,2018,-1.631967
14.22403,33.607028,2,2018,-1.181422
14.22403,33.607028,3,2018,-0.9948832
14.22403,33.607028,4,2018,-1.1032665
14.22403,33.607028,5,2018,-1.2814285
14.22403,33.607028,6,2018,-1.5004363
14.22403,33.607028,7,2018,-1.7455267
14.22403,33.607028,8,2018,-2.01487
14.22403,33.607028,9,2018,-2.307239
14.22403,33.607028,10,2018,-2.621112
14.22403,33.607028,11,2018,-2.9543047
14.22403,33.607028,12,2018,-3.3038979
14.22403,33.607028,1,2019,-2.1424277
14.22403,33.607028,2,2019,-1.6798974
14.22403,33.607028,3,2019,-1.4207327
14.22403,33.607028,4,2019,-1.4661621
14.22403,33.607028,5,2019,-1.621384
14.22403,33.607028,6,2019,-1.8474655
18.41113,22.378945,7,2017,2.3381321
18.41113,22.378945,8,2017,2.0056615
18.41113,22.378945,9,2017,2.0922403
18.41113,22.378945,10,2017,2.3339279
18.41113,22.378945,11,2017,2.4021862
18.41113,22.378945,12,2017,2.282737
18.41113,22.378945,1,2018,1.6090077
18.41113,22.378945,2,2018,1.4509912
18.41113,22.378945,3,2018,1.5478964
18.41113,22.378945,4,2018,1.8026835
18.41113,22.378945,5,2018,1.9817059
18.41113,22.378945,6,2018,2.0371566
18.41113,22.378945,7,2018,2.0081651
18.41113,22.378945,8,2018,1.9665976
18.41113,22.378945,9,2018,1.9424582
18.41113,22.378945,10,2018,1.9260917
18.41113,22.378945,11,2018,1.894446
18.41113,22.378945,12,2018,1.8355386
18.41113,22.378945,1,2019,1.0562894
18.41113,22.378945,2,2019,0.81173015
18.41113,22.378945,3,2019,0.83972204
18.41113,22.378945,4,2019,1.1114916
18.41113,22.378945,5,2019,1.3649389
18.41113,22.378945,6,2019,1.4970504
13.12,23.78,9,2018,1.8089828
13.12,23.78,10,2018,1.6635323
13.12,23.78,11,2018,1.5443032
13.12,23.78,12,2018,1.3684791
13.12,23.78,1,2019,0.29759076
13.12,23.78,2,2019,-0.6629084
13.12,23.78,3,2019,-1.9896964
13.12,23.78,4,2019,-3.8221874
13.12,23.78,5,2019,-6.620764
13.12,23.78,6,2019,-10.864478
13.12,23.78,7,2019,-15.693741
13.12,23.78,8,2019,-18.225094
13.12,23.78,9,2019,-18.38441
13.12,23.78,10,2019,-17.394392
13.12,23.78,11,2019,-16.117609
13.12,23.78,12,2019,-15.1356125
13.12,23.78,1,2020,-17.991404
13.12,23.78,2,2020,-18.816996
13.12,23.78,3,2020,-19.097511
13.12,23.78,4,2020,-18.634537
13.12,23.78,5,2020,-18.236595
13.12,23.78,6,2020,-17.908464
13.12,23.78,7,2020,-17.736729
13.12,23.78,8,2020,-17.597555
16.896561,23.587136,11,2015,-0.11721898
16.896561,23.587136,12,2015,-0.9175338
16.896561,23.587136,1,2016,-0.063163616
16.896561,23.587136,2,2016,-0.09446549
16.896561,23.587136,3,2016,-0.022231132
16.896561,23.587136,4,2016,-0.07399261
16.896561,23.587136,5,2016,-0.113903366
16.896561,23.587136,6,2016,-0.17221002
16.896561,23.587136,7,2016,-0.2433239
16.896561,23.587136,8,2016,-0.3307537
16.896561,23.587136,9,2016,-0.43469065
16.896561,23.587136,10,2016,-0.5554843
16.896561,23.587136,11,2016,-0.6933545
16.896561,23.587136,12,2016,-0.8484757
16.896561,23.587136,1,2017,-0.29686627
16.896561,23.587136,2,2017,-0.19141245
16.896561,23.587136,3,2017,-0.12977777
16.896561,23.587136,4,2017,-0.16065055
16.896561,23.587136,5,2017,-0.20628653
16.896561,23.587136,6,2017,-0.27144688
16.896561,23.587136,7,2017,-0.3522349
16.896561,23.587136,8,2017,-0.45036542
16.896561,23.587136,9,2017,-0.5662769
16.896561,23.587136,10,2017,-0.70035917
12.784125,30.478965,7,2014,-0.31106812
12.784125,30.478965,8,2014,-1.0909638
12.784125,30.478965,9,2014,-1.6717681
12.784125,30.478965,10,2014,-2.122808
12.784125,30.478965,11,2014,-2.5199196
12.784125,30.478965,12,2014,-2.9001215
12.784125,30.478965,1,2015,-1.8365786
12.784125,30.478965,2,2015,-1.4097463
12.784125,30.478965,3,2015,-1.0454782
12.784125,30.478965,4,2015,-1.0101835
12.784125,30.478965,5,2015,-1.0831702
12.784125,30.478965,6,2015,-1.2575907
12.784125,30.478965,7,2015,-1.4876827
12.784125,30.478965,8,2015,-1.7654179
12.784125,30.478965,9,2015,-2.0826871
12.784125,30.478965,10,2015,-2.435411
12.784125,30.478965,11,2015,-2.8192446
12.784125,30.478965,12,2015,-3.2290287
12.784125,30.478965,1,2016,-2.3723803
12.784125,30.478965,2,2016,-1.9871035
12.784125,30.478965,3,2016,-1.5993304
12.784125,30.478965,4,2016,-1.491869
12.784125,30.478965,5,2016,-1.507337
12.784125,30.478965,6,2016,-1.6508852
14.123456,27.987654,10,2012,0.06148634
14.123456,27.987654,11,2012,-2.6116948
14.123456,27.987654,12,2012,-2.9463906
14.123456,27.987654,1,2013,-1.6344771
14.123456,27.987654,2,2013,-0.9794695
14.123456,27.987654,3,2013,-0.8390109
14.123456,27.987654,4,2013,-1.0563351
14.123456,27.987654,5,2013,-1.2556521
14.123456,27.987654,6,2013,-1.401651
14.123456,27.987654,7,2013,-1.5275317
14.123456,27.987654,8,2013,-1.6715175
14.123456,27.987654,9,2013,-1.84451
14.123456,27.987654,10,2013,-2.0421612
14.123456,27.987654,11,2013,-2.2577693
14.123456,27.987654,12,2013,-2.48786
14.123456,27.987654,1,2014,-1.4659394
14.123456,27.987654,2,2014,-1.1059996
14.123456,27.987654,3,2014,-1.0007943
14.123456,27.987654,4,2014,-1.1542407
14.123456,27.987654,5,2014,-1.3231397
14.123456,27.987654,6,2014,-1.4840163
14.123456,27.987654,7,2014,-1.6402231
14.123456,27.987654,8,2014,-1.8113066
14.123456,27.987654,9,2014,-2.00553
12.56789,25.789012,5,2018,-3.1879716
12.56789,25.789012,6,2018,-4.061251
12.56789,25.789012,7,2018,-5.0618577
12.56789,25.789012,8,2018,-6.494855
12.56789,25.789012,9,2018,-8.358161
12.56789,25.789012,10,2018,-10.6514635
12.56789,25.789012,11,2018,-12.984236
12.56789,25.789012,12,2018,-14.673339
12.56789,25.789012,1,2019,-18.013044
12.56789,25.789012,2,2019,-18.622755
12.56789,25.789012,3,2019,-18.551535
12.56789,25.789012,4,2019,-17.81497
12.56789,25.789012,5,2019,-17.276773
12.56789,25.789012,6,2019,-16.881336
12.56789,25.789012,7,2019,-16.704622
12.56789,25.789012,8,2019,-16.567589
12.56789,25.789012,9,2019,-16.41813
12.56789,25.789012,10,2019,-16.200958
12.56789,25.789012,11,2019,-15.933265
12.56789,25.789012,12,2019,-15.632882
12.56789,25.789012,1,2020,-18.037962
12.56789,25.789012,2,2020,-18.597473
12.56789,25.789012,3,2020,-18.775496
12.56789,25.789012,4,2020,-18.329126
12.678901,25.890123,11,2019,2.9987473
12.678901,25.890123,12,2019,2.255579
12.678901,25.890123,1,2020,1.9896345
12.678901,25.890123,2,2020,1.5910807
12.678901,25.890123,3,2020,1.2470926
12.678901,25.890123,4,2020,0.86362505
12.678901,25.890123,5,2020,0.4441206
12.678901,25.890123,6,2020,-0.045493342
12.678901,25.890123,7,2020,-0.637847
12.678901,25.890123,8,2020,-1.3854663
12.678901,25.890123,9,2020,-2.3707764
12.678901,25.890123,10,2020,-3.733866
12.678901,25.890123,11,2020,-5.719461
12.678901,25.890123,12,2020,-8.718723
12.678901,25.890123,1,2021,-16.01641
12.678901,25.890123,2,2021,-20.284546
12.678901,25.890123,3,2021,-20.780373
12.678901,25.890123,4,2021,-20.316566
12.678901,25.890123,5,2021,-19.760567
12.678901,25.890123,6,2021,-19.510994
12.678901,25.890123,7,2021,-19.429197
12.678901,25.890123,8,2021,-19.396912
12.678901,25.890123,9,2021,-19.335186
12.678901,25.890123,10,2021,-19.243025
12.789012,25.901234,6,2016,-9.048891
12.789012,25.901234,7,2016,-10.500798
12.789012,25.901234,8,2016,-8.02526
12.789012,25.901234,9,2016,-5.4485865
12.789012,25.901234,10,2016,-1.439027
12.789012,25.901234,11,2016,1.448077
12.789012,25.901234,12,2016,2.565648
12.789012,25.901234,1,2017,2.8604548
12.789012,25.901234,2,2017,2.7168348
12.789012,25.901234,3,2017,2.4727843
12.789012,25.901234,4,2017,2.1753664
12.789012,25.901234,5,2017,1.8503661
12.789012,25.901234,6,2017,1.4798486
12.789012,25.901234,7,2017,1.0470914
12.789012,25.901234,8,2017,0.5302229
12.789012,25.901234,9,2017,-0.0918902
12.789012,25.901234,10,2017,-0.8391454
12.789012,25.901234,11,2017,-1.7249336
12.789012,25.901234,12,2017,-2.7462237
12.789012,25.901234,1,2018,-4.8922577
12.789012,25.901234,2,2018,-7.64323
12.789012,25.901234,3,2018,-11.048435
12.789012,25.901234,4,2018,-13.842462
12.789012,25.901234,5,2018,-15.016586
12.890123,25.012345,10,2018,2.5162835
12.890123,25.012345,11,2018,1.8333858
12.890123,25.012345,12,2018,1.1220181
12.890123,25.012345,1,2019,0.6861358
12.890123,25.012345,2,2019,0.09000716
12.890123,25.012345,3,2019,-0.59602493
12.890123,25.012345,4,2019,-1.4903115
12.890123,25.012345,5,2019,-2.7109866
12.890123,25.012345,6,2019,-4.4870067
12.890123,25.012345,7,2019,-7.189322
12.890123,25.012345,8,2019,-11.165549
12.890123,25.012345,9,2019,-15.554629
12.890123,25.012345,10,2019,-17.946785
12.890123,25.012345,11,2019,-18.171505
12.890123,25.012345,12,2019,-17.3104
12.890123,25.012345,1,2020,-18.59676
12.890123,25.012345,2,2020,-18.737955
12.890123,25.012345,3,2020,-18.830185
12.890123,25.012345,4,2020,-18.544357
12.890123,25.012345,5,2020,-18.329002
12.890123,25.012345,6,2020,-18.122509
12.890123,25.012345,7,2020,-17.983566
12.890123,25.012345,8,2020,-17.848263
12.890123,25.012345,9,2020,-17.710035
12.901234,25.123456,9,2018,1.4788734
12.901234,25.123456,10,2018,1.2760038
12.901234,25.123456,11,2018,1.0163903
12.901234,25.123456,12,2018,0.7006292
12.901234,25.123456,1,2019,1.0186435
12.901234,25.123456,2,2019,1.0614494
12.901234,25.123456,3,2019,1.1399721
12.901234,25.123456,4,2019,1.1420635
12.901234,25.123456,5,2019,1.1035397
12.901234,25.123456,6,2019,1.0120931
12.901234,25.123456,7,2019,0.86912113
12.901234,25.123456,8,2019,0.6704432
12.901234,25.123456,9,2019,0.41061723
12.901234,25.123456,10,2019,0.08098788
12.901234,25.123456,11,2019,-0.33121136
12.901234,25.123456,12,2019,-0.84457976
12.901234,25.123456,1,2020,-0.97700506
12.901234,25.123456,2,2020,-1.3431871
12.901234,25.123456,3,2020,-1.7417749
12.901234,25.123456,4,2020,-2.2901437
12.901234,25.123456,5,2020,-3.0273929
12.901234,25.123456,6,2020,-4.0659504
12.901234,25.123456,7,2020,-5.5882034
12.901234,25.123456,8,2020,-7.9118876
12.012345,25.234567,3,2014,-2.7373168
12.012345,25.234567,4,2014,1.3818048
12.012345,25.234567,5,2014,0.9900769
12.012345,25.234567,6,2014,2.0217829
12.012345,25.234567,7,2014,1.8329868
12.012345,25.234567,8,2014,1.8760248
12.012345,25.234567,9,2014,1.67832
12.012345,25.234567,10,2014,1.4625205
12.012345,25.234567,11,2014,1.1651404
12.012345,25.234567,12,2014,0.80630434
12.012345,25.234567,1,2015,1.320529
12.012345,25.234567,2,2015,1.5123383
12.012345,25.234567,3,2015,1.7926581
12.012345,25.234567,4,2015,1.9119935
12.012345,25.234567,5,2015,1.9810388
12.012345,25.234567,6,2015,1.957542
12.012345,25.234567,7,2015,1.869532
12.012345,25.234567,8,2015,1.7125292
12.012345,25.234567,9,2015,1.4906245
12.012345,25.234567,10,2015,1.2001047
12.012345,25.234567,11,2015,0.8358718
12.012345,25.234567,12,2015,0.38967767
12.012345,25.234567,1,2016,0.7258395
12.012345,25.234567,2,2016,0.80066323
12.123456,25.345678,12,2015,0.27634773
12.123456,25.345678,1,2016,-0.19032395
12.123456,25.345678,2,2016,0.3174061
12.123456,25.345678,3,2016,0.28406575
12.123456,25.345678,4,2016,0.45424497
12.123456,25.345678,5,2016,0.46139133
12.123456,25.345678,6,2016,0.45350862
12.123456,25.345678,7,2016,0.35051852
12.123456,25.345678,8,2016,0.17181346
12.123456,25.345678,9,2016,-0.10319824
12.123456,25.345678,10,2016,-0.48105854
12.123456,25.345678,11,2016,-0.976143
12.123456,25.345678,12,2016,-1.6034576
12.123456,25.345678,1,2017,-2.0191636
12.123456,25.345678,2,2017,-2.6712441
12.123456,25.345678,3,2017,-3.4441442
12.123456,25.345678,4,2017,-4.5044193
12.123456,25.345678,5,2017,-5.914123
12.123456,25.345678,6,2017,-7.791382
12.123456,25.345678,7,2017,-10.105388
12.123456,25.345678,8,2017,-12.4940815
12.123456,25.345678,9,2017,-14.250563
12.123456,25.345678,10,2017,-14.910429
12.123456,25.345678,11,2017,-14.557745
12.234567,25.456789,2,2015,0.97915435
12.234567,25.456789,3,2015,2.259018
12.234567,25.456789,4,2015,1.2577428
12.234567,25.456789,5,2015,1.1000156
12.234567,25.456789,6,2015,0.71835375
12.234567,25.456789,7,2015,0.40269
12.234567,25.456789,8,2015,0.045098238
12.234567,25.456789,9,2015,-0.3521199
12.234567,25.456789,10,2015,-0.8071885
12.234567,25.456789,11,2015,-1.3337537
12.234567,25.456789,12,2015,-1.9451892
12.234567,25.456789,1,2016,-1.0975401
12.234567,25.456789,2,2016,-0.9008663
12.234567,25.456789,3,2016,-0.5312726
12.234567,25.456789,4,2016,-0.39867628
12.234567,25.456789,5,2016,-0.3301217
12.234567,25.456789,6,2016,-0.39043042
12.234567,25.456789,7,2016,-0.54854625
12.234567,25.456789,8,2016,-0.8114001
12.234567,25.456789,9,2016,-1.1788926
12.234567,25.456789,10,2016,-1.6590996
12.234567,25.456789,11,2016,-2.2640052
12.234567,25.456789,12,2016,-3.0094705
12.234567,25.456789,1,2017,-2.6237106
12.345678,25.56789,6,2018,-12.612555
12.345678,25.56789,7,2018,-14.482532
12.345678,25.56789,8,2018,-15.611369
12.345678,25.56789,9,2018,-15.321252
12.345678,25.56789,10,2018,-14.260252
12.345678,25.56789,11,2018,-12.726988
12.345678,25.56789,12,2018,-11.254402
12.345678,25.56789,1,2019,-14.797181
12.345678,25.56789,2,2019,-16.773373
12.345678,25.56789,3,2019,-17.863567
12.345678,25.56789,4,2019,-17.429142
12.345678,25.56789,5,2019,-16.638708
12.345678,25.56789,6,2019,-15.740265
12.345678,25.56789,7,2019,-15.16868
12.345678,25.56789,8,2019,-14.871138
12.345678,25.56789,9,2019,-14.77669
12.345678,25.56789,10,2019,-14.6919565
12.345678,25.56789,11,2019,-14.516873
12.345678,25.56789,12,2019,-14.207634
12.345678,25.56789,1,2020,-17.067068
12.345678,25.56789,2,2020,-17.926666
12.345678,25.56789,3,2020,-18.204409
12.345678,25.56789,4,2020,-17.615849
12.345678,25.56789,5,2020,-17.057014
12.456789,25.678901,1,2018,-2.5292578
12.456789,25.678901,2,2018,-3.7829728
12.456789,25.678901,3,2018,-5.711354
12.456789,25.678901,4,2018,-8.331354
12.456789,25.678901,5,2018,-11.586564
12.456789,25.678901,6,2018,-14.464546
12.456789,25.678901,7,2018,-15.861688
12.456789,25.678901,8,2018,-15.770113
12.456789,25.678901,9,2018,-14.741802
12.456789,25.678901,10,2018,-13.394286
12.456789,25.678901,11,2018,-12.2494335
12.456789,25.678901,12,2018,-11.615024
12.456789,25.678901,1,2019,-14.99069
12.456789,25.678901,2,2019,-16.715958
12.456789,25.678901,3,2019,-17.548807
12.456789,25.678901,4,2019,-17.078783
12.456789,25.678901,5,2019,-16.345905
12.456789,25.678901,6,2019,-15.581202
12.456789,25.678901,7,2019,-15.126722
12.456789,25.678901,8,2019,-14.90416
12.456789,25.678901,9,2019,-14.8270445
12.456789,25.678901,10,2019,-14.738734
12.456789,25.678901,11,2019,-14.575715
12.456789,25.678901,12,2019,-14.326193
12.89,23.45,2,2013,1.8865104
12.89,23.45,3,2013,1.7108071
12.89,23.45,4,2013,1.5547853
12.89,23.45,5,2013,1.4692872
12.89,23.45,6,2013,1.3749003
12.89,23.45,7,2013,1.2624487
12.89,23.45,8,2013,1.1131665
12.89,23.45,9,2013,0.92246735
12.89,23.45,10,2013,0.6864246
12.89,23.45,11,2013,0.40332657
12.89,23.45,12,2013,0.07216037
12.89,23.45,1,2014,0.41882408
12.89,23.45,2,2014,0.5968916
12.89,23.45,3,2014,0.82810014
12.89,23.45,4,2014,0.9389336
12.89,23.45,5,2014,0.98764324
12.89,23.45,6,2014,0.9522542
12.89,23.45,7,2014,0.8508176
12.89,23.45,8,2014,0.6845481
12.89,23.45,9,2014,0.4575203
12.89,23.45,10,2014,0.16986749
12.89,23.45,11,2014,-0.17859124
12.89,23.45,12,2014,-0.5878002
12.89,23.45,1,2015,-0.5264525
12.7833,22.2833,3,2017,0.32020727
12.7833,22.2833,4,2017,0.25510243
12.7833,22.2833,5,2017,0.07621587
12.7833,22.2833,6,2017,-0.07431012
12.7833,22.2833,7,2017,-0.28321412
12.7833,22.2833,8,2017,-0.53660053
12.7833,22.2833,9,2017,-0.8680902
12.7833,22.2833,10,2017,-1.2964785
12.7833,22.2833,11,2017,-1.852974
12.7833,22.2833,12,2017,-2.5715618
12.7833,22.2833,1,2018,-4.893868
12.7833,22.2833,2,2018,-7.9739275
12.7833,22.2833,3,2018,-12.623452
12.7833,22.2833,4,2018,-16.722862
12.7833,22.2833,5,2018,-18.283823
12.7833,22.2833,6,2018,-18.057678
12.7833,22.2833,7,2018,-17.046339
12.7833,22.2833,8,2018,-15.999845
12.7833,22.2833,9,2018,-15.276928
12.7833,22.2833,10,2018,-14.932145
12.7833,22.2833,11,2018,-14.816596
12.7833,22.2833,12,2018,-14.741526
12.7833,22.2833,1,2019,-17.622648
12.7833,22.2833,2,2019,-18.330858
12.7,22.2,5,2013,6.282982
12.7,22.2,6,2013,8.451447
12.7,22.2,7,2013,5.9753613
12.7,22.2,8,2013,5.6575913
12.7,22.2,9,2013,5.2174234
12.7,22.2,10,2013,5.266377
12.7,22.2,11,2013,5.287708
12.7,22.2,12,2013,5.3159175
12.7,22.2,1,2014,4.8478894
12.7,22.2,2,2014,4.7862396
12.7,22.2,3,2014,4.7769575
12.7,22.2,4,2014,4.9075723
12.7,22.2,5,2014,5.0351844
12.7,22.2,6,2014,5.159025
12.7,22.2,7,2014,5.246759
12.7,22.2,8,2014,5.304981
12.7,22.2,9,2014,5.333466
12.7,22.2,10,2014,5.336661
12.7,22.2,11,2014,5.3149905
12.7,22.2,12,2014,5.268076
12.7,22.2,1,2015,4.7938905
12.7,22.2,2,2015,4.694393
12.7,22.2,3,2015,4.6573
12.7,22.2,4,2015,4.7589607
13.874521,31.254789,7,2014,-2.508721
13.874521,31.254789,8,2014,-2.8771763
13.874521,31.254789,9,2014,-2.8338375
13.874521,31.254789,10,2014,-3.6112502
13.874521,31.254789,11,2014,-4.023759
13.874521,31.254789,12,2014,-4.3287163
13.874521,31.254789,1,2015,-2.4023194
13.874521,31.254789,2,2015,-2.0975182
13.874521,31.254789,3,2015,-1.975091
13.874521,31.254789,4,2015,-2.1158981
13.874521,31.254789,5,2015,-2.290496
13.874521,31.254789,6,2015,-2.5068815
13.874521,31.254789,7,2015,-2.7567763
13.874521,31.254789,8,2015,-3.0339842
13.874521,31.254789,9,2015,-3.3367314
13.874521,31.254789,10,2015,-3.6632252
13.874521,31.254789,11,2015,-4.011242
13.874521,31.254789,12,2015,-4.3780246
13.874521,31.254789,1,2016,-2.5255697
13.874521,31.254789,2,2016,-2.1432405
13.874521,31.254789,3,2016,-1.944332
13.874521,31.254789,4,2016,-2.0528731
13.874521,31.254789,5,2016,-2.2225213
13.874521,31.254789,6,2016,-2.450139
11.987456,24.567891,3,2014,2.5869565
11.987456,24.567891,4,2014,2.3339047
11.987456,24.567891,5,2014,1.7305614
11.987456,24.567891,6,2014,1.4013867
11.987456,24.567891,7,2014,1.0660383
11.987456,24.567891,8,2014,0.74628717
11.987456,24.567891,9,2014,0.4002561
11.987456,24.567891,10,2014,0.01366736
11.987456,24.567891,11,2014,-0.42913124
11.987456,24.567891,12,2014,-0.941683
11.987456,24.567891,1,2015,0.013408937
11.987456,24.567891,2,2015,0.26068553
11.987456,24.567891,3,2015,0.6525276
11.987456,24.567891,4,2015,0.7730325
11.987456,24.567891,5,2015,0.832184
11.987456,24.567891,6,2015,0.76983494
11.987456,24.567891,7,2015,0.62976944
11.987456,24.567891,8,2015,0.40742677
11.987456,24.567891,9,2015,0.10679669
11.987456,24.567891,10,2015,-0.27763432
11.987456,24.567891,11,2015,-0.7545985
11.987456,24.567891,12,2015,-1.3370376
11.987456,24.567891,1,2016,-0.55271035
11.987456,24.567891,2,2016,-0.37286976
12.345678,25.678912,3,2016,-3.0476646
12.345678,25.678912,4,2016,-3.7310054
12.345678,25.678912,5,2016,-3.7161531
12.345678,25.678912,6,2016,-4.0678377
12.345678,25.678912,7,2016,-4.347768
12.345678,25.678912,8,2016,-4.750074
12.345678,25.678912,9,2016,-5.1997547
12.345678,25.678912,10,2016,-5.7168474
12.345678,25.678912,11,2016,-6.2644444
12.345678,25.678912,12,2016,-6.8064575
12.345678,25.678912,1,2017,-9.29984
12.345678,25.678912,2,2017,-11.68418
12.345678,25.678912,3,2017,-13.950317
12.345678,25.678912,4,2017,-14.956456
12.345678,25.678912,5,2017,-14.868765
12.345678,25.678912,6,2017,-13.923695
12.345678,25.678912,7,2017,-12.642964
12.345678,25.678912,8,2017,-11.396319
12.345678,25.678912,9,2017,-10.493102
12.345678,25.678912,10,2017,-10.031999
12.345678,25.678912,11,2017,-9.962379
12.345678,25.678912,12,2017,-10.117251
12.345678,25.678912,1,2018,-13.528719
12.345678,25.678912,2,2018,-15.555365
12.876543,24.123456,9,2014,-1.8832893
12.876543,24.123456,10,2014,-2.77472
12.876543,24.123456,11,2014,-3.459569
12.876543,24.123456,12,2014,-4.227228
12.876543,24.123456,1,2015,-5.0354233
12.876543,24.123456,2,2015,-5.95732
12.876543,24.123456,3,2015,-6.926806
12.876543,24.123456,4,2015,-7.875366
12.876543,24.123456,5,2015,-8.657504
12.876543,24.123456,6,2015,-9.130002
12.876543,24.123456,7,2015,-9.18766
12.876543,24.123456,8,2015,-8.824
12.876543,24.123456,9,2015,-8.13981
12.876543,24.123456,10,2015,-7.3328075
12.876543,24.123456,11,2015,-6.646911
12.876543,24.123456,12,2015,-6.2882013
12.876543,24.123456,1,2016,-8.239432
12.876543,24.123456,2,2016,-10.17265
12.876543,24.123456,3,2016,-12.366549
12.876543,24.123456,4,2016,-13.551899
12.876543,24.123456,5,2016,-13.737738
12.876543,24.123456,6,2016,-12.900794
12.876543,24.123456,7,2016,-11.511381
12.876543,24.123456,8,2016,-9.952739
13.789012,25.432109,3,2014,1.0054607
13.789012,25.432109,4,2014,0.7401353
13.789012,25.432109,5,2014,0.33246782
13.789012,25.432109,6,2014,0.14626893
13.789012,25.432109,7,2014,-0.019880876
13.789012,25.432109,8,2014,-0.18035
13.789012,25.432109,9,2014,-0.36896536
13.789012,25.432109,10,2014,-0.5910142
13.789012,25.432109,11,2014,-0.84713846
13.789012,25.432109,12,2014,-1.1346196
13.789012,25.432109,1,2015,-0.7013278
13.789012,25.432109,2,2015,-0.47648776
13.789012,25.432109,3,2015,-0.26950917
13.789012,25.432109,4,2015,-0.21402767
13.789012,25.432109,5,2015,-0.23872316
13.789012,25.432109,6,2015,-0.33697638
13.789012,25.432109,7,2015,-0.48550475
13.789012,25.432109,8,2015,-0.6773665
13.789012,25.432109,9,2015,-0.90781176
13.789012,25.432109,10,2015,-1.1748171
13.789012,25.432109,11,2015,-1.4762945
13.789012,25.432109,12,2015,-1.8092946
13.789012,25.432109,1,2016,-1.684243
13.789012,25.432109,2,2016,-1.619141
12.56789,26.789012,3,2014,-1.4474595
12.56789,26.789012,4,2014,-0.5818879
12.56789,26.789012,5,2014,2.762184
12.56789,26.789012,6,2014,3.6402624
12.56789,26.789012,7,2014,3.9433022
12.56789,26.789012,8,2014,3.4028285
12.56789,26.789012,9,2014,2.887691
12.56789,26.789012,10,2014,2.4111
12.56789,26.789012,11,2014,1.985398
12.56789,26.789012,12,2014,1.558756
12.56789,26.789012,1,2015,2.2090507
12.56789,26.789012,2,2015,2.6098163
12.56789,26.789012,3,2015,3.0148325
12.56789,26.789012,4,2015,3.1612432
12.56789,26.789012,5,2015,3.1693337
12.56789,26.789012,6,2015,3.0492678
12.56789,26.789012,7,2015,2.8550732
12.56789,26.789012,8,2015,2.5997145
12.56789,26.789012,9,2015,2.2897656
12.56789,26.789012,10,2015,1.921725
12.56789,26.789012,11,2015,1.4904109
12.56789,26.789012,12,2015,0.99083245
12.56789,26.789012,1,2016,1.4175959
12.56789,26.789012,2,2016,1.6874878
13.456789,25.234567,7,2014,2.1770458
13.456789,25.234567,8,2014,1.3917705
13.456789,25.234567,9,2014,0.8702144
13.456789,25.234567,10,2014,0.5146608
13.456789,25.234567,11,2014,0.2240577
13.456789,25.234567,12,2014,-0.051705457
13.456789,25.234567,1,2015,0.33235964
13.456789,25.234567,2,2015,0.48785073
13.456789,25.234567,3,2015,0.67740273
13.456789,25.234567,4,2015,0.74182105
13.456789,25.234567,5,2015,0.75975835
13.456789,25.234567,6,2015,0.71356666
13.456789,25.234567,7,2015,0.62403953
13.456789,25.234567,8,2015,0.49160886
13.456789,25.234567,9,2015,0.32038864
13.456789,25.234567,10,2015,0.11058306
13.456789,25.234567,11,2015,-0.13762107
13.456789,25.234567,12,2015,-0.42442402
13.456789,25.234567,1,2016,-0.1914193
13.456789,25.234567,2,2016,-0.1045232
13.456789,25.234567,3,2016,0.04091259
13.456789,25.234567,4,2016,0.106530555
13.456789,25.234567,5,2016,0.13724907
13.456789,25.234567,6,2016,0.106863044
11.67,22.34,8,2014,0.6449302
11.67,22.34,9,2014,1.8299884
11.67,22.34,10,2014,4.8975573
11.67,22.34,11,2014,6.947609
11.67,22.34,12,2014,8.232149
11.67,22.34,1,2015,8.476822
11.67,22.34,2,2015,8.35041
11.67,22.34,3,2015,8.127218
11.67,22.34,4,2015,8.017906
11.67,22.34,5,2015,7.9934344
11.67,22.34,6,2015,8.019576
11.67,22.34,7,2015,8.042642
11.67,22.34,8,2015,8.039317
11.67,22.34,9,2015,7.9982057
11.67,22.34,10,2015,7.9189944
11.67,22.34,11,2015,7.8016424
11.67,22.34,12,2015,7.6443014
11.67,22.34,1,2016,7.6822443
11.67,22.34,2,2016,7.748471
11.67,22.34,3,2016,7.8555665
11.67,22.34,4,2016,7.9371257
11.67,22.34,5,2016,7.993879
11.67,22.34,6,2016,8.013912
11.67,22.34,7,2016,8.002873
14.2,32.37,8,2014,-1.1699564
14.2,32.37,9,2014,-3.6772082
14.2,32.37,10,2014,-2.9681847
14.2,32.37,11,2014,-2.9784667
14.2,32.37,12,2014,-3.4351475
14.2,32.37,1,2015,-1.7842704
14.2,32.37,2,2015,-1.3964864
14.2,32.37,3,2015,-1.5027252
14.2,32.37,4,2015,-1.8046569
14.2,32.37,5,2015,-2.027246
14.2,32.37,6,2015,-2.21104
14.2,32.37,7,2015,-2.4049854
14.2,32.37,8,2015,-2.6250284
14.2,32.37,9,2015,-2.8672233
14.2,32.37,10,2015,-3.1249754
14.2,32.37,11,2015,-3.394851
14.2,32.37,12,2015,-3.6753902
14.2,32.37,1,2016,-2.0716481
14.2,32.37,2,2016,-1.5563567
14.2,32.37,3,2016,-1.570937
14.2,32.37,4,2016,-1.8661932
14.2,32.37,5,2016,-2.127844
14.2,32.37,6,2016,-2.3529587
14.2,32.37,7,2016,-2.577104
13.45,25.67,9,2014,-0.7759349
13.45,25.67,10,2014,-1.7563838
13.45,25.67,11,2014,-2.9309192
13.45,25.67,12,2014,-3.896808
13.45,25.67,1,2015,-3.018579
13.45,25.67,2,2015,-2.8173802
13.45,25.67,3,2015,-2.4481118
13.45,25.67,4,2015,-2.3997045
13.45,25.67,5,2015,-2.4359071
13.45,25.67,6,2015,-2.6207204
13.45,25.67,7,2015,-2.8970342
13.45,25.67,8,2015,-3.2621489
13.45,25.67,9,2015,-3.699406
13.45,25.67,10,2015,-4.198138
13.45,25.67,11,2015,-4.743725
13.45,25.67,12,2015,-5.318029
13.45,25.67,1,2016,-4.97201
13.45,25.67,2,2016,-4.9005904
13.45,25.67,3,2016,-4.6854544
13.45,25.67,4,2016,-4.619511
13.45,25.67,5,2016,-4.603643
13.45,25.67,6,2016,-4.708546
13.45,25.67,7,2016,-4.911886
13.45,25.67,8,2016,-5.2208858
12.589745,30.147896,1,2015,-2.6169522
12.589745,30.147896,2,2015,-2.0031278
12.589745,30.147896,3,2015,-1.2173442
12.589745,30.147896,4,2015,-1.1009167
12.589745,30.147896,5,2015,-1.1816915
12.589745,30.147896,6,2015,-1.4248632
12.589745,30.147896,7,2015,-1.7381089
12.589745,30.147896,8,2015,-2.1054485
12.589745,30.147896,9,2015,-2.516427
12.589745,30.147896,10,2015,-2.9640412
12.589745,30.147896,11,2015,-3.439625
12.589745,30.147896,12,2015,-3.9319685
12.589745,30.147896,1,2016,-3.0593443
12.589745,30.147896,2,2016,-2.543612
12.589745,30.147896,3,2016,-2.077954
12.589745,30.147896,4,2016,-1.9311408
12.589745,30.147896,5,2016,-1.9761945
12.589745,30.147896,6,2016,-2.184626
12.589745,30.147896,7,2016,-2.504494
12.589745,30.147896,8,2016,-2.910876
12.589745,30.147896,9,2016,-3.3838665
12.589745,30.147896,10,2016,-3.9056327
12.589745,30.147896,11,2016,-4.4558897
12.589745,30.147896,12,2016,-5.0109134
13.695056,30.098321,3,2015,1.2775985
13.695056,30.098321,4,2015,0.2031526
13.695056,30.098321,5,2015,-0.30028006
13.695056,30.098321,6,2015,-0.6356529
13.695056,30.098321,7,2015,-0.87917525
13.695056,30.098321,8,2015,-1.1017165
13.695056,30.098321,9,2015,-1.3323767
13.695056,30.098321,10,2015,-1.5832807
13.695056,30.098321,11,2015,-1.857258
13.695056,30.098321,12,2015,-2.153595
13.695056,30.098321,1,2016,-1.185653
13.695056,30.098321,2,2016,-0.83330154
13.695056,30.098321,3,2016,-0.58306146
13.695056,30.098321,4,2016,-0.59967333
13.695056,30.098321,5,2016,-0.695465
13.695056,30.098321,6,2016,-0.8567869
13.695056,30.098321,7,2016,-1.0537051
13.695056,30.098321,8,2016,-1.2824764
13.695056,30.098321,9,2016,-1.5399413
13.695056,30.098321,10,2016,-1.8249083
13.695056,30.098321,11,2016,-2.135783
13.695056,30.098321,12,2016,-2.47031
13.695056,30.098321,1,2017,-1.6738724
13.695056,30.098321,2,2017,-1.3405585
16.973957,29.939331,4,2015,-1.6528325
16.973957,29.939331,5,2015,-1.495051
16.973957,29.939331,6,2015,-1.2164547
16.973957,29.939331,7,2015,-1.5206211
16.973957,29.939331,8,2015,-1.6864232
16.973957,29.939331,9,2015,-1.7897865
16.973957,29.939331,10,2015,-1.9433602
16.973957,29.939331,11,2015,-2.1186364
16.973957,29.939331,12,2015,-2.2984304
16.973957,29.939331,1,2016,-0.8072341
16.973957,29.939331,2,2016,-0.8302311
16.973957,29.939331,3,2016,-0.971644
16.973957,29.939331,4,2016,-1.0689771
16.973957,29.939331,5,2016,-1.1584413
16.973957,29.939331,6,2016,-1.266172
16.973957,29.939331,7,2016,-1.3890444
16.973957,29.939331,8,2016,-1.5253472
16.973957,29.939331,9,2016,-1.6759506
16.973957,29.939331,10,2016,-1.8411471
16.973957,29.939331,11,2016,-2.0207925
16.973957,29.939331,12,2016,-2.2147357
16.973957,29.939331,1,2017,-0.7536752
16.973957,29.939331,2,2017,-0.7210876
16.973957,29.939331,3,2017,-0.8387263
13.551155,27.754439,4,2015,1.2523955
13.551155,27.754439,5,2015,0.6369289
13.551155,27.754439,6,2015,0.1278532
13.551155,27.754439,7,2015,-0.20075409
13.551155,27.754439,8,2015,-0.47240213
13.551155,27.754439,9,2015,-0.7229992
13.551155,27.754439,10,2015,-0.9819195
13.551155,27.754439,11,2015,-1.2610115
13.551155,27.754439,12,2015,-1.5653036
13.551155,27.754439,1,2016,-0.9831878
13.551155,27.754439,2,2016,-0.74096787
13.551155,27.754439,3,2016,-0.49212712
13.551155,27.754439,4,2016,-0.4286546
13.551155,27.754439,5,2016,-0.44115862
13.551155,27.754439,6,2016,-0.5376953
13.551155,27.754439,7,2016,-0.6887981
13.551155,27.754439,8,2016,-0.8887663
13.551155,27.754439,9,2016,-1.1306064
13.551155,27.754439,10,2016,-1.4113462
13.551155,27.754439,11,2016,-1.7282144
13.551155,27.754439,12,2016,-2.0783038
13.551155,27.754439,1,2017,-1.7493279
13.551155,27.754439,2,2017,-1.6186886
13.551155,27.754439,3,2017,-1.4320935
18.954785,28.338918,3,2015,-0.82474804
18.954785,28.338918,4,2015,-1.0832572
18.954785,28.338918,5,2015,-0.31338966
18.954785,28.338918,6,2015,-0.5885565
18.954785,28.338918,7,2015,-0.7698053
18.954785,28.338918,8,2015,-0.7866474
18.954785,28.338918,9,2015,-0.85612535
18.954785,28.338918,10,2015,-0.9675312
18.954785,28.338918,11,2015,-1.0752721
18.954785,28.338918,12,2015,-1.1887743
18.954785,28.338918,1,2016,-0.12561981
18.954785,28.338918,2,2016,-0.21448717
18.954785,28.338918,3,2016,-0.356547
18.954785,28.338918,4,2016,-0.3928153
18.954785,28.338918,5,2016,-0.4256297
18.954785,28.338918,6,2016,-0.48526144
18.954785,28.338918,7,2016,-0.5566647
18.954785,28.338918,8,2016,-0.6361171
18.954785,28.338918,9,2016,-0.72671723
18.954785,28.338918,10,2016,-0.82917386
18.954785,28.338918,11,2016,-0.9430258
18.954785,28.338918,12,2016,-1.0683678
18.954785,28.338918,1,2017,-0.018173195
18.954785,28.338918,2,2017,-0.07282633
17.629421,24.409295,4,2015,-0.026609845
17.629421,24.409295,5,2015,3.4541526
17.629421,24.409295,6,2015,5.181541
17.629421,24.409295,7,2015,2.744032
17.629421,24.409295,8,2015,1.4457877
17.629421,24.409295,9,2015,1.5325739
17.629421,24.409295,10,2015,2.094693
17.629421,24.409295,11,2015,2.3165364
17.629421,24.409295,12,2015,2.0673597
17.629421,24.409295,1,2016,1.8269154
17.629421,24.409295,2,2016,1.8251723
17.629421,24.409295,3,2016,1.9520161
17.629421,24.409295,4,2016,2.0684488
17.629421,24.409295,5,2016,2.1041188
17.629421,24.409295,6,2016,2.0808685
17.629421,24.409295,7,2016,2.0429645
17.629421,24.409295,8,2016,2.0101762
17.629421,24.409295,9,2016,1.9747174
17.629421,24.409295,10,2016,1.9225619
17.629421,24.409295,11,2016,1.8486155
17.629421,24.409295,12,2016,1.7566714
17.629421,24.409295,1,2017,1.591129
17.629421,24.409295,2,2017,1.6283151
17.629421,24.409295,3,2017,1.729455
14.741927,25.574201,3,2015,-0.270686
14.741927,25.574201,4,2015,0.73004025
14.741927,25.574201,5,2015,2.2556398
14.741927,25.574201,6,2015,2.501676
14.741927,25.574201,7,2015,2.2492812
14.741927,25.574201,8,2015,1.8018916
14.741927,25.574201,9,2015,1.488972
14.741927,25.574201,10,2015,1.3017378
14.741927,25.574201,11,2015,1.1715783
14.741927,25.574201,12,2015,1.021756
14.741927,25.574201,1,2016,1.1810755
14.741927,25.574201,2,2016,1.3221335
14.741927,25.574201,3,2016,1.4610685
14.741927,25.574201,4,2016,1.5186137
14.741927,25.574201,5,2016,1.5119025
14.741927,25.574201,6,2016,1.4491171
14.741927,25.574201,7,2016,1.3498244
14.741927,25.574201,8,2016,1.223136
14.741927,25.574201,9,2016,1.0728662
14.741927,25.574201,10,2016,0.898423
14.741927,25.574201,11,2016,0.6985329
14.741927,25.574201,12,2016,0.47291225
14.741927,25.574201,1,2017,0.39160526
14.741927,25.574201,2,2017,0.39131656
16.874563,29.365478,3,2015,-0.43032676
16.874563,29.365478,4,2015,-0.8032622
16.874563,29.365478,5,2015,-0.89283645
16.874563,29.365478,6,2015,-0.8748582
16.874563,29.365478,7,2015,-0.935171
16.874563,29.365478,8,2015,-1.0598278
16.874563,29.365478,9,2015,-1.1907393
16.874563,29.365478,10,2015,-1.3165847
16.874563,29.365478,11,2015,-1.4542305
16.874563,29.365478,12,2015,-1.6114122
16.874563,29.365478,1,2016,-0.5821817
16.874563,29.365478,2,2016,-0.4380148
16.874563,29.365478,3,2016,-0.6098319
16.874563,29.365478,4,2016,-0.78177744
16.874563,29.365478,5,2016,-0.85113436
16.874563,29.365478,6,2016,-0.9056259
16.874563,29.365478,7,2016,-0.9951404
16.874563,29.365478,8,2016,-1.1145979
16.874563,29.365478,9,2016,-1.246721
16.874563,29.365478,10,2016,-1.3873823
16.874563,29.365478,11,2016,-1.5407091
16.874563,29.365478,12,2016,-1.7089906
16.874563,29.365478,1,2017,-0.73763657
16.874563,29.365478,2,2017,-0.5448929
10.924614,30.125607,4,2015,0.10267583
10.924614,30.125607,5,2015,0.8257503
10.924614,30.125607,6,2015,0.11054968
10.924614,30.125607,7,2015,-0.41930643
10.924614,30.125607,8,2015,-1.1009912
10.924614,30.125607,9,2015,-1.913942
10.924614,30.125607,10,2015,-2.874119
10.924614,30.125607,11,2015,-3.9873626
10.924614,30.125607,12,2015,-5.227448
10.924614,30.125607,1,2016,-5.362084
10.924614,30.125607,2,2016,-5.890748
10.924614,30.125607,3,2016,-6.318515
10.924614,30.125607,4,2016,-6.923475
10.924614,30.125607,5,2016,-7.5768056
10.924614,30.125607,6,2016,-8.293663
10.924614,30.125607,7,2016,-8.980079
10.924614,30.125607,8,2016,-9.559721
10.924614,30.125607,9,2016,-9.949892
10.924614,30.125607,10,2016,-10.118888
10.924614,30.125607,11,2016,-10.093622
10.924614,30.125607,12,2016,-9.958154
10.924614,30.125607,1,2017,-11.74884
10.924614,30.125607,2,2017,-13.023111
10.924614,30.125607,3,2017,-14.104852
16.478965,29.874521,6,2015,-1.7924418
16.478965,29.874521,7,2015,-0.7706631
16.478965,29.874521,8,2015,-1.566245
16.478965,29.874521,9,2015,-2.0885448
16.478965,29.874521,10,2015,-2.1391127
16.478965,29.874521,11,2015,-2.292843
16.478965,29.874521,12,2015,-2.525638
16.478965,29.874521,1,2016,-0.98466134
16.478965,29.874521,2,2016,-0.95908684
16.478965,29.874521,3,2016,-1.0674092
16.478965,29.874521,4,2016,-1.1814053
16.478965,29.874521,5,2016,-1.2871445
16.478965,29.874521,6,2016,-1.4081206
16.478965,29.874521,7,2016,-1.5455614
16.478965,29.874521,8,2016,-1.6981252
16.478965,29.874521,9,2016,-1.8661731
16.478965,29.874521,10,2016,-2.0499282
16.478965,29.874521,11,2016,-2.249243
16.478965,29.874521,12,2016,-2.4638329
16.478965,29.874521,1,2017,-0.9633551
16.478965,29.874521,2,2017,-0.87736154
16.478965,29.874521,3,2017,-0.95608467
16.478965,29.874521,4,2017,-1.0777978
16.478965,29.874521,5,2017,-1.1953919
12.123456,25.987654,7,2015,0.967976
12.123456,25.987654,8,2015,0.7478405
12.123456,25.987654,9,2015,-0.15321693
12.123456,25.987654,10,2015,-0.9762185
12.123456,25.987654,11,2015,-1.9000479
12.123456,25.987654,12,2015,-2.9546866
12.123456,25.987654,1,2016,-2.4721668
12.123456,25.987654,2,2016,-2.6560795
12.123456,25.987654,3,2016,-2.5746093
12.123456,25.987654,4,2016,-2.73982
12.123456,25.987654,5,2016,-2.9407575
12.123456,25.987654,6,2016,-3.3111517
12.123456,25.987654,7,2016,-3.8307092
12.123456,25.987654,8,2016,-4.5515394
12.123456,25.987654,9,2016,-5.497769
12.123456,25.987654,10,2016,-6.695626
12.123456,25.987654,11,2016,-8.1296215
12.123456,25.987654,12,2016,-9.701814
12.123456,25.987654,1,2017,-12.743164
12.123456,25.987654,2,2017,-15.299183
12.123456,25.987654,3,2017,-16.911877
12.123456,25.987654,4,2017,-17.15258
12.123456,25.987654,5,2017,-16.689957
12.123456,25.987654,6,2017,-15.937547
12.947362,29.87531,9,2015,-0.5168244
12.947362,29.87531,10,2015,-1.5580665
12.947362,29.87531,11,2015,-2.6484625
12.947362,29.87531,12,2015,-3.6908536
12.947362,29.87531,1,2016,-2.9078543
12.947362,29.87531,2,2016,-2.5435421
12.947362,29.87531,3,2016,-2.1673653
12.947362,29.87531,4,2016,-2.1004682
12.947362,29.87531,5,2016,-2.1927571
12.947362,29.87531,6,2016,-2.421196
12.947362,29.87531,7,2016,-2.7329173
12.947362,29.87531,8,2016,-3.1050594
12.947362,29.87531,9,2016,-3.5194309
12.947362,29.87531,10,2016,-3.9613488
12.947362,29.87531,11,2016,-4.4159174
12.947362,29.87531,12,2016,-4.8679285
12.947362,29.87531,1,2017,-4.5831327
12.947362,29.87531,2,2017,-4.3977127
12.947362,29.87531,3,2017,-4.1595993
12.947362,29.87531,4,2017,-4.051006
12.947362,29.87531,5,2017,-4.0510793
12.947362,29.87531,6,2017,-4.180758
12.947362,29.87531,7,2017,-4.4186993
12.947362,29.87531,8,2017,-4.744939
15.452389,32.748512,9,2015,-2.3877177
15.452389,32.748512,10,2015,-2.9534543
15.452389,32.748512,11,2015,-3.374015
15.452389,32.748512,12,2015,-3.778716
15.452389,32.748512,1,2016,-1.7224157
15.452389,32.748512,2,2016,-1.655007
15.452389,32.748512,3,2016,-1.7987471
15.452389,32.748512,4,2016,-1.9475831
15.452389,32.748512,5,2016,-2.1031613
15.452389,32.748512,6,2016,-2.2807088
15.452389,32.748512,7,2016,-2.4760816
15.452389,32.748512,8,2016,-2.688232
15.452389,32.748512,9,2016,-2.9177008
15.452389,32.748512,10,2016,-3.1640599
15.452389,32.748512,11,2016,-3.4264982
15.452389,32.748512,12,2016,-3.7040586
15.452389,32.748512,1,2017,-1.7035137
15.452389,32.748512,2,2017,-1.5540633
15.452389,32.748512,3,2017,-1.6544576
15.452389,32.748512,4,2017,-1.8109878
15.452389,32.748512,5,2017,-1.9791375
15.452389,32.748512,6,2017,-2.1703384
15.452389,32.748512,7,2017,-2.3823397
15.452389,32.748512,8,2017,-2.6130466
16.378965,33.124578,9,2015,-1.3344646
16.378965,33.124578,10,2015,-2.5812974
16.378965,33.124578,11,2015,-0.99685353
16.378965,33.124578,12,2015,-1.2469014
16.378965,33.124578,1,2016,-0.18496688
16.378965,33.124578,2,2016,-0.27028432
16.378965,33.124578,3,2016,-0.42287588
16.378965,33.124578,4,2016,-0.53934336
16.378965,33.124578,5,2016,-0.6146269
16.378965,33.124578,6,2016,-0.7035564
16.378965,33.124578,7,2016,-0.81439626
16.378965,33.124578,8,2016,-0.94034064
16.378965,33.124578,9,2016,-1.0782588
16.378965,33.124578,10,2016,-1.2288966
16.378965,33.124578,11,2016,-1.3929313
16.378965,33.124578,12,2016,-1.5700755
16.378965,33.124578,1,2017,-0.23589373
16.378965,33.124578,2,2017,-0.11698395
16.378965,33.124578,3,2017,-0.26986378
16.378965,33.124578,4,2017,-0.4337531
16.378965,33.124578,5,2017,-0.5306488
16.378965,33.124578,6,2017,-0.6259459
16.378965,33.124578,7,2017,-0.7429986
16.378965,33.124578,8,2017,-0.8787498
14.784125,30.548963,9,2015,-0.31778467
14.784125,30.548963,10,2015,-1.0125648
14.784125,30.548963,11,2015,-0.7958837
14.784125,30.548963,12,2015,-0.5148516
14.784125,30.548963,1,2016,0.5596049
14.784125,30.548963,2,2016,0.9094176
14.784125,30.548963,3,2016,0.8570372
14.784125,30.548963,4,2016,0.58406836
14.784125,30.548963,5,2016,0.35845387
14.784125,30.548963,6,2016,0.20383826
14.784125,30.548963,7,2016,0.07915861
14.784125,30.548963,8,2016,-0.06497033
14.784125,30.548963,9,2016,-0.24713069
14.784125,30.548963,10,2016,-0.46139106
14.784125,30.548963,11,2016,-0.69454616
14.784125,30.548963,12,2016,-0.9384636
14.784125,30.548963,1,2017,-0.040141705
14.784125,30.548963,2,2017,0.417625
14.784125,30.548963,3,2017,0.5704028
14.784125,30.548963,4,2017,0.39476904
14.784125,30.548963,5,2017,0.15278229
14.784125,30.548963,6,2017,-0.066531025
14.784125,30.548963,7,2017,-0.24717651
14.784125,30.548963,8,2017,-0.41946438
15.689412,32.987654,9,2015,-2.9946756
15.689412,32.987654,10,2015,-1.845832
15.689412,32.987654,11,2015,-2.437304
15.689412,32.987654,12,2015,-3.241667
15.689412,32.987654,1,2016,-1.4164453
15.689412,32.987654,2,2016,-1.0587152
15.689412,32.987654,3,2016,-1.3608453
15.689412,32.987654,4,2016,-1.6770289
15.689412,32.987654,5,2016,-1.806819
15.689412,32.987654,6,2016,-1.9073133
15.689412,32.987654,7,2016,-2.056636
15.689412,32.987654,8,2016,-2.2410824
15.689412,32.987654,9,2016,-2.4354885
15.689412,32.987654,10,2016,-2.6363227
15.689412,32.987654,11,2016,-2.84954
15.689412,32.987654,12,2016,-3.0768728
15.689412,32.987654,1,2017,-1.4311235
15.689412,32.987654,2,2017,-1.1213646
15.689412,32.987654,3,2017,-1.3934991
15.689412,32.987654,4,2017,-1.700837
15.689412,32.987654,5,2017,-1.8625345
15.689412,32.987654,6,2017,-1.9902449
15.689412,32.987654,7,2017,-2.1517441
15.689412,32.987654,8,2017,-2.3468175
14.125487,30.784596,9,2015,-2.3062103
14.125487,30.784596,10,2015,-3.299224
14.125487,30.784596,11,2015,-3.6810868
14.125487,30.784596,12,2015,-4.0108333
14.125487,30.784596,1,2016,-2.2536676
14.125487,30.784596,2,2016,-1.918608
14.125487,30.784596,3,2016,-1.7585016
14.125487,30.784596,4,2016,-1.8715285
14.125487,30.784596,5,2016,-2.0358572
14.125487,30.784596,6,2016,-2.2499046
14.125487,30.784596,7,2016,-2.5018034
14.125487,30.784596,8,2016,-2.7848122
14.125487,30.784596,9,2016,-3.096416
14.125487,30.784596,10,2016,-3.4344711
14.125487,30.784596,11,2016,-3.7965827
14.125487,30.784596,12,2016,-4.179743
14.125487,30.784596,1,2017,-2.5130038
14.125487,30.784596,2,2017,-2.105325
14.125487,30.784596,3,2017,-1.8629873
14.125487,30.784596,4,2017,-1.933617
14.125487,30.784596,5,2017,-2.0859106
14.125487,30.784596,6,2017,-2.3081126
14.125487,30.784596,7,2017,-2.580668
14.125487,30.784596,8,2017,-2.8938131
13.546721,30.125389,10,2015,-0.6393351
13.546721,30.125389,11,2015,-1.7395546
13.546721,30.125389,12,2015,-2.299989
13.546721,30.125389,1,2016,-1.4338918
13.546721,30.125389,2,2016,-1.1103463
13.546721,30.125389,3,2016,-0.84590983
13.546721,30.125389,4,2016,-0.8474204
13.546721,30.125389,5,2016,-0.93592685
13.546721,30.125389,6,2016,-1.1005557
13.546721,30.125389,7,2016,-1.3071492
13.546721,30.125389,8,2016,-1.5498362
13.546721,30.125389,9,2016,-1.8235781
13.546721,30.125389,10,2016,-2.1260529
13.546721,30.125389,11,2016,-2.4546947
13.546721,30.125389,12,2016,-2.8063128
13.546721,30.125389,1,2017,-2.053043
13.546721,30.125389,2,2017,-1.7218419
13.546721,30.125389,3,2017,-1.4184501
13.546721,30.125389,4,2017,-1.3554405
13.546721,30.125389,5,2017,-1.399376
13.546721,30.125389,6,2017,-1.5450828
13.546721,30.125389,7,2017,-1.7559525
13.546721,30.125389,8,2017,-2.0205984
13.546721,30.125389,9,2017,-2.3288047
11.87,22.89,1,2016,0.94548583
11.87,22.89,2,2016,2.7269275
11.87,22.89,3,2016,3.3497727
11.87,22.89,4,2016,4.8348756
11.87,22.89,5,2016,5.8292813
11.87,22.89,6,2016,6.7098036
11.87,22.89,7,2016,7.095054
11.87,22.89,8,2016,7.207226
11.87,22.89,9,2016,7.1062264
11.87,22.89,10,2016,6.920533
11.87,22.89,11,2016,6.6807075
11.87,22.89,12,2016,6.3969526
11.87,22.89,1,2017,6.5374
11.87,22.89,2,2017,6.6272473
11.87,22.89,3,2017,6.775449
11.87,22.89,4,2017,6.859232
11.87,22.89,5,2017,6.909549
11.87,22.89,6,2017,6.9034977
11.87,22.89,7,2017,6.852505
11.87,22.89,8,2017,6.7527633
11.87,22.89,9,2017,6.603887
11.87,22.89,10,2017,6.3989835
11.87,22.89,11,2017,6.128089
11.87,22.89,12,2017,5.7755933
10.567,30.467,5,2018,-3.299151
10.567,30.467,6,2018,-3.7787504
10.567,30.467,7,2018,-4.618427
10.567,30.467,8,2018,-5.9411297
10.567,30.467,9,2018,-7.897915
10.567,30.467,10,2018,-10.419061
10.567,30.467,11,2018,-12.918722
10.567,30.467,12,2018,-14.492998
10.567,30.467,1,2019,-17.159882
10.567,30.467,2,2019,-17.648144
10.567,30.467,3,2019,-17.490473
10.567,30.467,4,2019,-16.695562
10.567,30.467,5,2019,-16.036201
10.567,30.467,6,2019,-15.548347
10.567,30.467,7,2019,-15.338803
10.567,30.467,8,2019,-15.245067
10.567,30.467,9,2019,-15.172745
10.567,30.467,10,2019,-15.029591
10.567,30.467,11,2019,-14.809716
10.567,30.467,12,2019,-14.537478
10.567,30.467,1,2020,-16.89517
10.567,30.467,2,2020,-17.679401
10.567,30.467,3,2020,-17.962868
10.567,30.467,4,2020,-17.500198
10.632,30.379,5,2018,-3.2671962
10.632,30.379,6,2018,-3.731372
10.632,30.379,7,2018,-4.5295205
10.632,30.379,8,2018,-5.7702274
10.632,30.379,9,2018,-7.629764
10.632,30.379,10,2018,-10.243906
10.632,30.379,11,2018,-13.374455
10.632,30.379,12,2018,-16.00587
10.632,30.379,1,2019,-18.557425
10.632,30.379,2,2019,-18.971672
10.632,30.379,3,2019,-18.782526
10.632,30.379,4,2019,-18.283442
10.632,30.379,5,2019,-17.969175
10.632,30.379,6,2019,-17.786633
10.632,30.379,7,2019,-17.713652
10.632,30.379,8,2019,-17.648891
10.632,30.379,9,2019,-17.56902
10.632,30.379,10,2019,-17.464523
10.632,30.379,11,2019,-17.350735
10.632,30.379,12,2019,-17.237665
10.632,30.379,1,2020,-18.577272
10.632,30.379,2,2020,-18.8313
10.632,30.379,3,2020,-18.902569
10.632,30.379,4,2020,-18.665035
13.478965,31.254789,3,2016,0.2937991
13.478965,31.254789,4,2016,0.5645771
13.478965,31.254789,5,2016,0.42066664
13.478965,31.254789,6,2016,0.1894756
13.478965,31.254789,7,2016,-0.107603356
13.478965,31.254789,8,2016,-0.41228706
13.478965,31.254789,9,2016,-0.72395915
13.478965,31.254789,10,2016,-1.0472625
13.478965,31.254789,11,2016,-1.3877527
13.478965,31.254789,12,2016,-1.7456563
13.478965,31.254789,1,2017,-0.8443416
13.478965,31.254789,2,2017,-0.24697971
13.478965,31.254789,3,2017,0.16737881
13.478965,31.254789,4,2017,0.18299007
13.478965,31.254789,5,2017,-0.009799913
13.478965,31.254789,6,2017,-0.3131334
13.478965,31.254789,7,2017,-0.6515721
13.478965,31.254789,8,2017,-1.0030203
13.478965,31.254789,9,2017,-1.3629998
13.478965,31.254789,10,2017,-1.7335562
13.478965,31.254789,11,2017,-2.1153073
13.478965,31.254789,12,2017,-2.5053854
13.478965,31.254789,1,2018,-2.0040534
13.478965,31.254789,2,2018,-1.5953494
11.007893,29.715408,3,2020,-1.1836294
11.007893,29.715408,4,2020,-0.36865455
11.007893,29.715408,5,2020,0.6044993
11.007893,29.715408,6,2020,1.4812678
11.007893,29.715408,7,2020,2.198275
11.007893,29.715408,8,2020,2.689451
11.007893,29.715408,9,2020,2.9696941
11.007893,29.715408,10,2020,3.0789003
11.007893,29.715408,11,2020,3.0611749
11.007893,29.715408,12,2020,2.949127
11.007893,29.715408,1,2021,3.4084613
11.007893,29.715408,2,2021,3.5629163
11.007893,29.715408,3,2021,3.6859415
11.007893,29.715408,4,2021,3.7069001
11.007893,29.715408,5,2021,3.677689
11.007893,29.715408,6,2021,3.6011746
11.007893,29.715408,7,2021,3.4880934
11.007893,29.715408,8,2021,3.3409944
11.007893,29.715408,9,2021,3.1606228
11.007893,29.715408,10,2021,2.945164
11.007893,29.715408,11,2021,2.6908736
11.007893,29.715408,12,2021,2.3919086
11.007893,29.715408,1,2022,2.6836722
11.007893,29.715408,2,2022,2.729506
11.859,31.084,1,2020,2.8363268
11.859,31.084,2,2020,3.9899406
11.859,31.084,3,2020,4.6353364
11.859,31.084,4,2020,4.9179573
11.859,31.084,5,2020,4.955976
11.859,31.084,6,2020,4.8783083
11.859,31.084,7,2020,4.7413354
11.859,31.084,8,2020,4.5680804
11.859,31.084,9,2020,4.3626304
11.859,31.084,10,2020,4.122784
11.859,31.084,11,2020,3.8435304
11.859,31.084,12,2020,3.5180857
11.859,31.084,1,2021,4.072921
11.859,31.084,2,2021,4.2896266
11.859,31.084,3,2021,4.4488735
11.859,31.084,4,2021,4.4575973
11.859,31.084,5,2021,4.3919306
11.859,31.084,6,2021,4.262226
11.859,31.084,7,2021,4.084576
11.859,31.084,8,2021,3.8612554
11.859,31.084,9,2021,3.59057
11.859,31.084,10,2021,3.2664435
11.859,31.084,11,2021,2.879135
11.859,31.084,12,2021,2.4144022
10.9333,30.45,5,2018,-2.5290587
10.9333,30.45,6,2018,-2.185713
10.9333,30.45,7,2018,-1.8436631
10.9333,30.45,8,2018,-1.5898293
10.9333,30.45,9,2018,-1.4461148
10.9333,30.45,10,2018,-1.4433773
10.9333,30.45,11,2018,-1.6041962
10.9333,30.45,12,2018,-1.9505491
10.9333,30.45,1,2019,-1.62072
10.9333,30.45,2,2019,-1.5168743
10.9333,30.45,3,2019,-1.3459991
10.9333,30.45,4,2019,-1.2337646
10.9333,30.45,5,2019,-1.1692291
10.9333,30.45,6,2019,-1.1864841
10.9333,30.45,7,2019,-1.3089511
10.9333,30.45,8,2019,-1.5662843
10.9333,30.45,9,2019,-1.994362
10.9333,30.45,10,2019,-2.64191
10.9333,30.45,11,2019,-3.578614
10.9333,30.45,12,2019,-4.9028296
10.9333,30.45,1,2020,-6.8760185
10.9333,30.45,2,2020,-10.058151
10.9333,30.45,3,2020,-14.338554
10.9333,30.45,4,2020,-17.708906
12.456789,24.876543,12,2018,1.3317384
12.456789,24.876543,1,2019,1.0304974
12.456789,24.876543,2,2019,0.7783764
12.456789,24.876543,3,2019,0.43794066
12.456789,24.876543,4,2019,0.017499402
12.456789,24.876543,5,2019,-0.5418478
12.456789,24.876543,6,2019,-1.3077776
12.456789,24.876543,7,2019,-2.4013572
12.456789,24.876543,8,2019,-4.031232
12.456789,24.876543,9,2019,-6.5479813
12.456789,24.876543,10,2019,-10.334687
12.456789,24.876543,11,2019,-14.805246
12.456789,24.876543,12,2019,-17.596722
12.456789,24.876543,1,2020,-19.59091
12.456789,24.876543,2,2020,-19.481535
12.456789,24.876543,3,2020,-19.071217
12.456789,24.876543,4,2020,-18.568373
12.456789,24.876543,5,2020,-18.32815
12.456789,24.876543,6,2020,-18.202457
12.456789,24.876543,7,2020,-18.130753
12.456789,24.876543,8,2020,-18.028133
12.456789,24.876543,9,2020,-17.89353
12.456789,24.876543,10,2020,-17.734566
12.456789,24.876543,11,2020,-17.569366
15.321478,31.874563,6,2016,-0.3544687
15.321478,31.874563,7,2016,-0.98676765
15.321478,31.874563,8,2016,-1.0653499
15.321478,31.874563,9,2016,-1.1920221
15.321478,31.874563,10,2016,-1.3700994
15.321478,31.874563,11,2016,-1.5757568
15.321478,31.874563,12,2016,-1.7935333
15.321478,31.874563,1,2017,-0.5941496
15.321478,31.874563,2,2017,-0.34044468
15.321478,31.874563,3,2017,-0.3289607
15.321478,31.874563,4,2017,-0.4795659
15.321478,31.874563,5,2017,-0.617811
15.321478,31.874563,6,2017,-0.75486916
15.321478,31.874563,7,2017,-0.9019813
15.321478,31.874563,8,2017,-1.0666184
15.321478,31.874563,9,2017,-1.249713
15.321478,31.874563,10,2017,-1.4504403
15.321478,31.874563,11,2017,-1.6679122
15.321478,31.874563,12,2017,-1.9013283
15.321478,31.874563,1,2018,-0.77636135
15.321478,31.874563,2,2018,-0.4825563
15.321478,31.874563,3,2018,-0.4214489
15.321478,31.874563,4,2018,-0.5536295
15.321478,31.874563,5,2018,-0.7003916
11.464,31.1,12,2016,-9.378731
11.464,31.1,1,2017,-10.902902
11.464,31.1,2,2017,-11.864224
11.464,31.1,3,2017,-13.092634
11.464,31.1,4,2017,-13.635997
11.464,31.1,5,2017,-13.767865
11.464,31.1,6,2017,-13.363269
11.464,31.1,7,2017,-12.71887
11.464,31.1,8,2017,-11.968349
11.464,31.1,9,2017,-11.316694
11.464,31.1,10,2017,-10.844349
11.464,31.1,11,2017,-10.590252
11.464,31.1,12,2017,-10.5163
11.464,31.1,1,2018,-12.885419
11.464,31.1,2,2018,-14.511845
11.464,31.1,3,2018,-15.789834
11.464,31.1,4,2018,-15.914936
11.464,31.1,5,2018,-15.489189
11.464,31.1,6,2018,-14.692258
11.464,31.1,7,2018,-13.943527
11.464,31.1,8,2018,-13.359011
11.464,31.1,9,2018,-13.020312
11.464,31.1,10,2018,-12.855507
11.464,31.1,11,2018,-12.785019
12.7667,31.1333,7,2016,0.43515027
12.7667,31.1333,8,2016,-0.42303586
12.7667,31.1333,9,2016,-1.352935
12.7667,31.1333,10,2016,-2.94157
12.7667,31.1333,11,2016,-3.9459858
12.7667,31.1333,12,2016,-4.863394
12.7667,31.1333,1,2017,-3.5021904
12.7667,31.1333,2,2017,-3.1826699
12.7667,31.1333,3,2017,-2.7888181
12.7667,31.1333,4,2017,-2.747088
12.7667,31.1333,5,2017,-2.8325534
12.7667,31.1333,6,2017,-3.0624368
12.7667,31.1333,7,2017,-3.4014459
12.7667,31.1333,8,2017,-3.8371258
12.7667,31.1333,9,2017,-4.3590536
12.7667,31.1333,10,2017,-4.957066
12.7667,31.1333,11,2017,-5.6180778
12.7667,31.1333,12,2017,-6.3229246
12.7667,31.1333,1,2018,-5.44058
12.7667,31.1333,2,2018,-5.152064
12.7667,31.1333,3,2018,-4.7331886
12.7667,31.1333,4,2018,-4.577587
12.7667,31.1333,5,2018,-4.5429983
12.7667,31.1333,6,2018,-4.6802645
12.75,24.1333,7,2016,5.557278
12.75,24.1333,8,2016,4.7611194
12.75,24.1333,9,2016,4.072993
12.75,24.1333,10,2016,3.5268285
12.75,24.1333,11,2016,2.9877405
12.75,24.1333,12,2016,2.4106572
12.75,24.1333,1,2017,2.2805865
12.75,24.1333,2,2017,2.0847216
12.75,24.1333,3,2017,1.9683397
12.75,24.1333,4,2017,1.8186128
12.75,24.1333,5,2017,1.6534832
12.75,24.1333,6,2017,1.433726
12.75,24.1333,7,2017,1.1429836
12.75,24.1333,8,2017,0.751783
12.75,24.1333,9,2017,0.231264
12.75,24.1333,10,2017,-0.45306814
12.75,24.1333,11,2017,-1.3374087
12.75,24.1333,12,2017,-2.4524817
12.75,24.1333,1,2018,-5.374201
12.75,24.1333,2,2018,-9.280223
12.75,24.1333,3,2018,-13.73058
12.75,24.1333,4,2018,-16.225643
12.75,24.1333,5,2018,-16.491756
12.75,24.1333,6,2018,-15.211515
13.6333,25.3667,8,2016,1.2221212
13.6333,25.3667,9,2016,0.029136501
13.6333,25.3667,10,2016,-1.219233
13.6333,25.3667,11,2016,-2.3134434
13.6333,25.3667,12,2016,-3.3575268
13.6333,25.3667,1,2017,-3.1370528
13.6333,25.3667,2,2017,-3.399594
13.6333,25.3667,3,2017,-3.4567125
13.6333,25.3667,4,2017,-3.685163
13.6333,25.3667,5,2017,-3.925013
13.6333,25.3667,6,2017,-4.2639422
13.6333,25.3667,7,2017,-4.671913
13.6333,25.3667,8,2017,-5.1654253
13.6333,25.3667,9,2017,-5.7320976
13.6333,25.3667,10,2017,-6.3590364
13.6333,25.3667,11,2017,-7.0167737
13.6333,25.3667,12,2017,-7.664204
13.6333,25.3667,1,2018,-9.443827
13.6333,25.3667,2,2018,-11.132019
13.6333,25.3667,3,2018,-12.958798
13.6333,25.3667,4,2018,-14.18634
13.6333,25.3667,5,2018,-14.7151575
13.6333,25.3667,6,2018,-14.49997
13.6333,25.3667,7,2018,-13.833441
12.55,23.75,3,2017,3.1067636
12.55,23.75,4,2017,2.5792718
12.55,23.75,5,2017,1.9967077
12.55,23.75,6,2017,1.4302866
12.55,23.75,7,2017,0.7916482
12.55,23.75,8,2017,0.043036945
12.55,23.75,9,2017,-0.8764885
12.55,23.75,10,2017,-2.0374036
12.55,23.75,11,2017,-3.5225286
12.55,23.75,12,2017,-5.39819
12.55,23.75,1,2018,-9.337426
12.55,23.75,2,2018,-13.783118
12.55,23.75,3,2018,-16.873705
12.55,23.75,4,2018,-17.549091
12.55,23.75,5,2018,-16.872871
12.55,23.75,6,2018,-15.618538
12.55,23.75,7,2018,-14.500623
12.55,23.75,8,2018,-13.807796
12.55,23.75,9,2018,-13.580537
12.55,23.75,10,2018,-13.6125765
12.55,23.75,11,2018,-13.669803
12.55,23.75,12,2018,-13.585572
12.55,23.75,1,2019,-16.489895
12.55,23.75,2,2019,-17.389345
12.76,33.58,4,2017,-0.8129938
12.76,33.58,5,2017,-1.578327
12.76,33.58,6,2017,-2.1808193
12.76,33.58,7,2017,-2.7755773
12.76,33.58,8,2017,-3.3448367
12.76,33.58,9,2017,-3.903968
12.76,33.58,10,2017,-4.458576
12.76,33.58,11,2017,-5.004131
12.76,33.58,12,2017,-5.5307884
12.76,33.58,1,2018,-4.5674453
12.76,33.58,2,2018,-3.9396071
12.76,33.58,3,2018,-3.4273255
12.76,33.58,4,2018,-3.2865863
12.76,33.58,5,2018,-3.390907
12.76,33.58,6,2018,-3.6818457
12.76,33.58,7,2018,-4.0964627
12.76,33.58,8,2018,-4.597
12.76,33.58,9,2018,-5.1516323
12.76,33.58,10,2018,-5.72897
12.76,33.58,11,2018,-6.2962675
12.76,33.58,12,2018,-6.8225937
12.76,33.58,1,2019,-6.659954
12.76,33.58,2,2019,-6.5535765
12.76,33.58,3,2019,-6.3863707
12.78,33.6,4,2017,-1.5997206
12.78,33.6,5,2017,-2.0147038
12.78,33.6,6,2017,-2.482044
12.78,33.6,7,2017,-2.8964696
12.78,33.6,8,2017,-3.3835309
12.78,33.6,9,2017,-3.9190085
12.78,33.6,10,2017,-4.497643
12.78,33.6,11,2017,-5.1189265
12.78,33.6,12,2017,-5.7726398
12.78,33.6,1,2018,-4.082696
12.78,33.6,2,2018,-3.4800425
12.78,33.6,3,2018,-2.9453278
12.78,33.6,4,2018,-2.825491
12.78,33.6,5,2018,-2.8876429
12.78,33.6,6,2018,-3.1127315
12.78,33.6,7,2018,-3.463418
12.78,33.6,8,2018,-3.9196985
12.78,33.6,9,2018,-4.469072
12.78,33.6,10,2018,-5.100097
12.78,33.6,11,2018,-5.7989078
12.78,33.6,12,2018,-6.545535
12.78,33.6,1,2019,-5.3222384
12.78,33.6,2,2019,-4.8562174
12.78,33.6,3,2019,-4.328057
12.8,33.62,4,2017,-1.9314406
12.8,33.62,5,2017,-1.9220828
12.8,33.62,6,2017,-2.0532558
12.8,33.62,7,2017,-2.3079872
12.8,33.62,8,2017,-2.6437004
12.8,33.62,9,2017,-3.0419552
12.8,33.62,10,2017,-3.4889066
12.8,33.62,11,2017,-3.9727983
12.8,33.62,12,2017,-4.481283
12.8,33.62,1,2018,-3.5528934
12.8,33.62,2,2018,-3.1004543
12.8,33.62,3,2018,-2.6608095
12.8,33.62,4,2018,-2.5183659
12.8,33.62,5,2018,-2.5372033
12.8,33.62,6,2018,-2.7120879
12.8,33.62,7,2018,-2.9999306
12.8,33.62,8,2018,-3.3811653
12.8,33.62,9,2018,-3.8378706
12.8,33.62,10,2018,-4.3543878
12.8,33.62,11,2018,-4.913333
12.8,33.62,12,2018,-5.4940104
12.8,33.62,1,2019,-5.1612654
12.8,33.62,2,2019,-5.0564523
12.8,33.62,3,2019,-4.8660502
12.82,33.64,4,2017,-1.2178115
12.82,33.64,5,2017,-0.6923838
12.82,33.64,6,2017,-0.5784209
12.82,33.64,7,2017,-0.8688137
12.82,33.64,8,2017,-1.3300538
12.82,33.64,9,2017,-1.8446128
12.82,33.64,10,2017,-2.360616
12.82,33.64,11,2017,-2.8621962
12.82,33.64,12,2017,-3.3439994
12.82,33.64,1,2018,-2.4255495
12.82,33.64,2,2018,-1.7053075
12.82,33.64,3,2018,-1.0907987
12.82,33.64,4,2018,-0.90722084
12.82,33.64,5,2018,-1.0294764
12.82,33.64,6,2018,-1.3672383
12.82,33.64,7,2018,-1.820981
12.82,33.64,8,2018,-2.3393092
12.82,33.64,9,2018,-2.8899002
12.82,33.64,10,2018,-3.448601
12.82,33.64,11,2018,-3.9924023
12.82,33.64,12,2018,-4.499653
12.82,33.64,1,2019,-4.2734036
12.82,33.64,2,2019,-4.037042
12.82,33.64,3,2019,-3.7105796
14.965478,30.784125,9,2017,1.394692
14.965478,30.784125,10,2017,1.5109224
14.965478,30.784125,11,2017,-0.19661596
14.965478,30.784125,12,2017,-1.2581202
14.965478,30.784125,1,2018,-0.4974221
14.965478,30.784125,2,2018,0.08920462
14.965478,30.784125,3,2018,0.48567343
14.965478,30.784125,4,2018,0.457937
14.965478,30.784125,5,2018,0.24656674
14.965478,30.784125,6,2018,-0.008469388
14.965478,30.784125,7,2018,-0.23768474
14.965478,30.784125,8,2018,-0.44483712
14.965478,30.784125,9,2018,-0.65292686
14.965478,30.784125,10,2018,-0.880898
14.965478,30.784125,11,2018,-1.1346803
14.965478,30.784125,12,2018,-1.4101461
14.965478,30.784125,1,2019,-0.8651025
14.965478,30.784125,2,2019,-0.50203025
14.965478,30.784125,3,2019,-0.27748075
14.965478,30.784125,4,2019,-0.30507046
14.965478,30.784125,5,2019,-0.46904758
14.965478,30.784125,6,2019,-0.6970277
14.965478,30.784125,7,2019,-0.9374787
14.965478,30.784125,8,2019,-1.1766057
12.88,24.93,6,2018,-11.184458
12.88,24.93,7,2018,-14.4228945
12.88,24.93,8,2018,-15.67617
12.88,24.93,9,2018,-16.180769
12.88,24.93,10,2018,-15.493358
12.88,24.93,11,2018,-14.471118
12.88,24.93,12,2018,-13.303546
12.88,24.93,1,2019,-16.51019
12.88,24.93,2,2019,-17.729397
12.88,24.93,3,2019,-18.345242
12.88,24.93,4,2019,-17.865742
12.88,24.93,5,2019,-17.315172
12.88,24.93,6,2019,-16.757944
12.88,24.93,7,2019,-16.426647
12.88,24.93,8,2019,-16.196167
12.88,24.93,9,2019,-16.016148
12.88,24.93,10,2019,-15.797185
12.88,24.93,11,2019,-15.526012
12.88,24.93,12,2019,-15.204017
12.88,24.93,1,2020,-17.895227
12.88,24.93,2,2020,-18.543512
12.88,24.93,3,2020,-18.727833
12.88,24.93,4,2020,-18.237318
12.88,24.93,5,2020,-17.841877
12.698745,30.874563,9,2017,-0.7221528
12.698745,30.874563,10,2017,-1.4062337
12.698745,30.874563,11,2017,-1.9615486
12.698745,30.874563,12,2017,-2.5251262
12.698745,30.874563,1,2018,-2.0332847
12.698745,30.874563,2,2018,-1.8991632
12.698745,30.874563,3,2018,-1.7510191
12.698745,30.874563,4,2018,-1.721277
12.698745,30.874563,5,2018,-1.7703559
12.698745,30.874563,6,2018,-1.9037428
12.698745,30.874563,7,2018,-2.1158934
12.698745,30.874563,8,2018,-2.4041984
12.698745,30.874563,9,2018,-2.7664373
12.698745,30.874563,10,2018,-3.2001953
12.698745,30.874563,11,2018,-3.7014785
12.698745,30.874563,12,2018,-4.262859
12.698745,30.874563,1,2019,-4.476498
12.698745,30.874563,2,2019,-4.823647
12.698745,30.874563,3,2019,-5.165387
12.698745,30.874563,4,2019,-5.560359
12.698745,30.874563,5,2019,-5.991784
12.698745,30.874563,6,2019,-6.462555
12.698745,30.874563,7,2019,-6.9599533
12.698745,30.874563,8,2019,-7.4653807
12.7167,28.4333,1,2018,-5.983116
12.7167,28.4333,2,2018,-6.9682174
12.7167,28.4333,3,2018,-8.275034
12.7167,28.4333,4,2018,-9.654872
12.7167,28.4333,5,2018,-10.984886
12.7167,28.4333,6,2018,-11.958088
12.7167,28.4333,7,2018,-12.376561
12.7167,28.4333,8,2018,-12.190564
12.7167,28.4333,9,2018,-11.533052
12.7167,28.4333,10,2018,-10.639475
12.7167,28.4333,11,2018,-9.785312
12.7167,28.4333,12,2018,-9.198633
12.7167,28.4333,1,2019,-11.901858
12.7167,28.4333,2,2019,-14.052354
12.7167,28.4333,3,2019,-15.761981
12.7167,28.4333,4,2019,-16.0069
12.7167,28.4333,5,2019,-15.45108
12.7167,28.4333,6,2019,-14.400827
12.7167,28.4333,7,2019,-13.394592
12.7167,28.4333,8,2019,-12.653235
12.7167,28.4333,9,2019,-12.294521
12.7167,28.4333,10,2019,-12.220649
12.7167,28.4333,11,2019,-12.27712
12.7167,28.4333,12,2019,-12.3043375
12.7,28.4333,11,2017,-7.5125227
12.7,28.4333,12,2017,-7.1998715
12.7,28.4333,1,2018,-8.741187
12.7,28.4333,2,2018,-10.147288
12.7,28.4333,3,2018,-11.751373
12.7,28.4333,4,2018,-12.771521
12.7,28.4333,5,2018,-13.141974
12.7,28.4333,6,2018,-12.775556
12.7,28.4333,7,2018,-11.930262
12.7,28.4333,8,2018,-10.87449
12.7,28.4333,9,2018,-9.927015
12.7,28.4333,10,2018,-9.303731
12.7,28.4333,11,2018,-9.086794
12.7,28.4333,12,2018,-9.202426
12.7,28.4333,1,2019,-12.030149
12.7,28.4333,2,2019,-14.163877
12.7,28.4333,3,2019,-15.631477
12.7,28.4333,4,2019,-15.677382
12.7,28.4333,5,2019,-14.969724
12.7,28.4333,6,2019,-13.848521
12.7,28.4333,7,2019,-12.839534
12.7,28.4333,8,2019,-12.160675
12.7,28.4333,9,2019,-11.900296
12.7,28.4333,10,2019,-11.926489
14.1833,32.3667,11,2017,-5.022767
14.1833,32.3667,12,2017,-4.0624127
14.1833,32.3667,1,2018,-2.182757
14.1833,32.3667,2,2018,-1.7519855
14.1833,32.3667,3,2018,-1.5653855
14.1833,32.3667,4,2018,-1.6415118
14.1833,32.3667,5,2018,-1.807559
14.1833,32.3667,6,2018,-2.0428402
14.1833,32.3667,7,2018,-2.3322806
14.1833,32.3667,8,2018,-2.666006
14.1833,32.3667,9,2018,-3.0396554
14.1833,32.3667,10,2018,-3.450047
14.1833,32.3667,11,2018,-3.8937624
14.1833,32.3667,12,2018,-4.366396
14.1833,32.3667,1,2019,-2.7765903
14.1833,32.3667,2,2019,-2.2931993
14.1833,32.3667,3,2019,-1.977151
14.1833,32.3667,4,2019,-1.9785627
14.1833,32.3667,5,2019,-2.109556
14.1833,32.3667,6,2019,-2.340257
14.1833,32.3667,7,2019,-2.646825
14.1833,32.3667,8,2019,-3.0149386
14.1833,32.3667,9,2019,-3.4367876
14.1833,32.3667,10,2019,-3.9063509
12.35,29.25,12,2017,-7.8429418
12.35,29.25,1,2018,-9.817057
12.35,29.25,2,2018,-11.543768
12.35,29.25,3,2018,-13.5318985
12.35,29.25,4,2018,-14.72119
12.35,29.25,5,2018,-15.1271715
12.35,29.25,6,2018,-14.7202835
12.35,29.25,7,2018,-13.8788805
12.35,29.25,8,2018,-12.865069
12.35,29.25,9,2018,-11.9508915
12.35,29.25,10,2018,-11.261662
12.35,29.25,11,2018,-10.84124
12.35,29.25,12,2018,-10.640653
12.35,29.25,1,2019,-13.701756
12.35,29.25,2,2019,-15.640719
12.35,29.25,3,2019,-16.93501
12.35,29.25,4,2019,-16.81507
12.35,29.25,5,2019,-16.183973
12.35,29.25,6,2019,-15.279109
12.35,29.25,7,2019,-14.550705
12.35,29.25,8,2019,-14.044071
12.35,29.25,9,2019,-13.778874
12.35,29.25,10,2019,-13.62732
12.35,29.25,11,2019,-13.49768
11.55,27.6,12,2017,-0.37281096
11.55,27.6,1,2018,1.121811
11.55,27.6,2,2018,1.0395154
11.55,27.6,3,2018,1.2868277
11.55,27.6,4,2018,1.2092303
11.55,27.6,5,2018,1.1240236
11.55,27.6,6,2018,0.86712563
11.55,27.6,7,2018,0.44310844
11.55,27.6,8,2018,-0.23315604
11.55,27.6,9,2018,-1.2510226
11.55,27.6,10,2018,-2.7514224
11.55,27.6,11,2018,-4.903621
11.55,27.6,12,2018,-7.774547
11.55,27.6,1,2019,-13.161689
11.55,27.6,2,2019,-16.900208
11.55,27.6,3,2019,-18.02928
11.55,27.6,4,2019,-17.405338
11.55,27.6,5,2019,-16.11027
11.55,27.6,6,2019,-14.878191
11.55,27.6,7,2019,-14.135151
11.55,27.6,8,2019,-13.92888
11.55,27.6,9,2019,-14.050372
11.55,27.6,10,2019,-14.200649
11.55,27.6,11,2019,-14.174294
11.0333,27.7333,12,2017,-2.5551703
11.0333,27.7333,1,2018,-1.7228243
11.0333,27.7333,2,2018,-1.8094378
11.0333,27.7333,3,2018,-1.5753921
11.0333,27.7333,4,2018,-1.5826839
11.0333,27.7333,5,2018,-1.6387358
11.0333,27.7333,6,2018,-1.8574535
11.0333,27.7333,7,2018,-2.2469144
11.0333,27.7333,8,2018,-2.867844
11.0333,27.7333,9,2018,-3.7940726
11.0333,27.7333,10,2018,-5.140264
11.0333,27.7333,11,2018,-7.0591216
11.0333,27.7333,12,2018,-9.665671
11.0333,27.7333,1,2019,-13.669177
11.0333,27.7333,2,2019,-17.337807
11.0333,27.7333,3,2019,-18.858042
11.0333,27.7333,4,2019,-18.882017
11.0333,27.7333,5,2019,-18.363918
11.0333,27.7333,6,2019,-17.86803
11.0333,27.7333,7,2019,-17.576948
11.0333,27.7333,8,2019,-17.448528
11.0333,27.7333,9,2019,-17.381268
11.0333,27.7333,10,2019,-17.304766
11.0333,27.7333,11,2019,-17.197718
11.3333,27.8,12,2017,-2.847564
11.3333,27.8,1,2018,-3.563697
11.3333,27.8,2,2018,-5.3250656
11.3333,27.8,3,2018,-7.731479
11.3333,27.8,4,2018,-11.322015
11.3333,27.8,5,2018,-15.109749
11.3333,27.8,6,2018,-17.311327
11.3333,27.8,7,2018,-17.660282
11.3333,27.8,8,2018,-16.985142
11.3333,27.8,9,2018,-15.999707
11.3333,27.8,10,2018,-15.207335
11.3333,27.8,11,2018,-14.782197
11.3333,27.8,12,2018,-14.669609
11.3333,27.8,1,2019,-17.211424
11.3333,27.8,2,2019,-18.00136
11.3333,27.8,3,2019,-18.279453
11.3333,27.8,4,2019,-17.82111
11.3333,27.8,5,2019,-17.397411
11.3333,27.8,6,2019,-17.023966
11.3333,27.8,7,2019,-16.831415
11.3333,27.8,8,2019,-16.69915
11.3333,27.8,9,2019,-16.586893
11.3333,27.8,10,2019,-16.43954
11.3333,27.8,11,2019,-16.262127
12.7,28.0,12,2017,-2.1079366
12.7,28.0,1,2018,-2.1273715
12.7,28.0,2,2018,-2.4821544
12.7,28.0,3,2018,-2.748601
12.7,28.0,4,2018,-3.1410546
12.7,28.0,5,2018,-3.5934699
12.7,28.0,6,2018,-4.160868
12.7,28.0,7,2018,-4.848418
12.7,28.0,8,2018,-5.676588
12.7,28.0,9,2018,-6.6438723
12.7,28.0,10,2018,-7.721941
12.7,28.0,11,2018,-8.832134
12.7,28.0,12,2018,-9.84041
12.7,28.0,1,2019,-13.536419
12.7,28.0,2,2019,-16.017056
12.7,28.0,3,2019,-17.371855
12.7,28.0,4,2019,-17.174183
12.7,28.0,5,2019,-16.392483
12.7,28.0,6,2019,-15.393056
12.7,28.0,7,2019,-14.619082
12.7,28.0,8,2019,-14.11718
12.7,28.0,9,2019,-13.8686905
12.7,28.0,10,2019,-13.724538
12.7,28.0,11,2019,-13.576806
11.0333,28.4667,12,2017,-2.2326198
11.0333,28.4667,1,2018,-3.2368624
11.0333,28.4667,2,2018,-5.078292
11.0333,28.4667,3,2018,-7.895257
11.0333,28.4667,4,2018,-11.739981
11.0333,28.4667,5,2018,-15.134392
11.0333,28.4667,6,2018,-16.59261
11.0333,28.4667,7,2018,-16.343285
11.0333,28.4667,8,2018,-15.0990305
11.0333,28.4667,9,2018,-13.574649
11.0333,28.4667,10,2018,-12.326892
11.0333,28.4667,11,2018,-11.684411
11.0333,28.4667,12,2018,-11.672271
11.0333,28.4667,1,2019,-15.194125
11.0333,28.4667,2,2019,-16.922682
11.0333,28.4667,3,2019,-17.612707
11.0333,28.4667,4,2019,-17.046284
11.0333,28.4667,5,2019,-16.23857
11.0333,28.4667,6,2019,-15.448023
11.0333,28.4667,7,2019,-15.002686
11.0333,28.4667,8,2019,-14.82043
11.0333,28.4667,9,2019,-14.792985
11.0333,28.4667,10,2019,-14.744948
11.0333,28.4667,11,2019,-14.600206
11.7,28.35,1,2018,-5.361847
11.7,28.35,2,2018,-5.7570753
11.7,28.35,3,2018,-6.403934
11.7,28.35,4,2018,-7.305634
11.7,28.35,5,2018,-8.580393
11.7,28.35,6,2018,-10.27294
11.7,28.35,7,2018,-12.302241
11.7,28.35,8,2018,-14.279772
11.7,28.35,9,2018,-15.650585
11.7,28.35,10,2018,-16.169731
11.7,28.35,11,2018,-16.019781
11.7,28.35,12,2018,-15.538584
11.7,28.35,1,2019,-17.346617
11.7,28.35,2,2019,-17.833712
11.7,28.35,3,2019,-18.10759
11.7,28.35,4,2019,-17.792526
11.7,28.35,5,2019,-17.495832
11.7,28.35,6,2019,-17.18824
11.7,28.35,7,2019,-16.99409
11.7,28.35,8,2019,-16.835686
11.7,28.35,9,2019,-16.702324
11.7,28.35,10,2019,-16.557613
11.7,28.35,11,2019,-16.403835
11.7,28.35,12,2019,-16.24277
11.2,27.7,1,2018,-7.8211374
11.2,27.7,2,2018,-11.068637
11.2,27.7,3,2018,-15.354554
11.2,27.7,4,2018,-17.863312
11.2,27.7,5,2018,-18.419518
11.2,27.7,6,2018,-17.867924
11.2,27.7,7,2018,-17.034626
11.2,27.7,8,2018,-16.36425
11.2,27.7,9,2018,-15.996631
11.2,27.7,10,2018,-15.849846
11.2,27.7,11,2018,-15.78098
11.2,27.7,12,2018,-15.678478
11.2,27.7,1,2019,-17.886524
11.2,27.7,2,2019,-18.408043
11.2,27.7,3,2019,-18.571497
11.2,27.7,4,2019,-18.155853
11.2,27.7,5,2019,-17.822016
11.2,27.7,6,2019,-17.531437
11.2,27.7,7,2019,-17.372997
11.2,27.7,8,2019,-17.240911
11.2,27.7,9,2019,-17.113272
11.2,27.7,10,2019,-16.956165
11.2,27.7,11,2019,-16.779263
11.2,27.7,12,2019,-16.589779
12.45,23.9,11,2019,3.6975906
12.45,23.9,12,2019,3.1632593
12.45,23.9,1,2020,2.7498198
12.45,23.9,2,2020,2.3940248
12.45,23.9,3,2020,2.081596
12.45,23.9,4,2020,1.7776068
12.45,23.9,5,2020,1.4643596
12.45,23.9,6,2020,1.1225289
12.45,23.9,7,2020,0.7326183
12.45,23.9,8,2020,0.27058697
12.45,23.9,9,2020,-0.29617006
12.45,23.9,10,2020,-1.0161954
12.45,23.9,11,2020,-1.967557
12.45,23.9,12,2020,-3.2846103
12.45,23.9,1,2021,-5.7851105
12.45,23.9,2,2021,-10.118168
12.45,23.9,3,2021,-16.935896
12.45,23.9,4,2021,-20.655651
12.45,23.9,5,2021,-20.901007
12.45,23.9,6,2021,-20.513472
12.45,23.9,7,2021,-20.101974
12.45,23.9,8,2021,-19.946026
12.45,23.9,9,2021,-19.8896
12.45,23.9,10,2021,-19.856146
12.34,24.56,9,2018,2.0082774
12.34,24.56,10,2018,1.0950027
12.34,24.56,11,2018,-0.12555717
12.34,24.56,12,2018,-1.7681638
12.34,24.56,1,2019,-2.2994773
12.34,24.56,2,2019,-4.045022
12.34,24.56,3,2019,-6.656623
12.34,24.56,4,2019,-11.171532
12.34,24.56,5,2019,-16.436136
12.34,24.56,6,2019,-18.959946
12.34,24.56,7,2019,-19.15254
12.34,24.56,8,2019,-18.462172
12.34,24.56,9,2019,-17.720129
12.34,24.56,10,2019,-17.309616
12.34,24.56,11,2019,-17.195395
12.34,24.56,12,2019,-17.20963
12.34,24.56,1,2020,-18.743357
12.34,24.56,2,2020,-19.026772
12.34,24.56,3,2020,-19.07429
12.34,24.56,4,2020,-18.796413
12.34,24.56,5,2020,-18.603172
12.34,24.56,6,2020,-18.449272
12.34,24.56,7,2020,-18.361715
12.34,24.56,8,2020,-18.27849
12.98,24.12,9,2018,1.4967288
12.98,24.12,10,2018,1.2408649
12.98,24.12,11,2018,0.9045193
12.98,24.12,12,2018,0.47634888
12.98,24.12,1,2019,0.8365135
12.98,24.12,2,2019,0.8793076
12.98,24.12,3,2019,0.9868072
12.98,24.12,4,2019,0.9950243
12.98,24.12,5,2019,0.95445144
12.98,24.12,6,2019,0.8383441
12.98,24.12,7,2019,0.64605576
12.98,24.12,8,2019,0.3655017
12.98,24.12,9,2019,-0.01779405
12.98,24.12,10,2019,-0.5270683
12.98,24.12,11,2019,-1.1982503
12.98,24.12,12,2019,-2.0879996
12.98,24.12,1,2020,-2.899585
12.98,24.12,2,2020,-4.3221025
12.98,24.12,3,2020,-6.525291
12.98,24.12,4,2020,-10.21444
12.98,24.12,5,2020,-15.436318
12.98,24.12,6,2020,-19.113832
12.98,24.12,7,2020,-19.819777
12.98,24.12,8,2020,-19.408384
13.01,22.67,2,2020,-0.049980514
13.01,22.67,3,2020,-1.6198437
13.01,22.67,4,2020,-4.217627
13.01,22.67,5,2020,-8.704286
13.01,22.67,6,2020,-15.654591
13.01,22.67,7,2020,-19.885626
13.01,22.67,8,2020,-20.297533
13.01,22.67,9,2020,-19.702091
13.01,22.67,10,2020,-18.967333
13.01,22.67,11,2020,-18.61496
13.01,22.67,12,2020,-18.508112
13.01,22.67,1,2021,-19.952477
13.01,22.67,2,2021,-20.146395
13.01,22.67,3,2021,-20.14525
13.01,22.67,4,2021,-19.92771
13.01,22.67,5,2021,-19.787268
13.01,22.67,6,2021,-19.675365
13.01,22.67,7,2021,-19.593756
13.01,22.67,8,2021,-19.508417
13.01,22.67,9,2021,-19.418087
13.01,22.67,10,2021,-19.321436
13.01,22.67,11,2021,-19.22213
13.01,22.67,12,2021,-19.120935
13.01,22.67,1,2022,-20.302172
12.67,23.45,2,2020,-1.2192115
12.67,23.45,3,2020,-2.248474
12.67,23.45,4,2020,-2.9832706
12.67,23.45,5,2020,-4.2637115
12.67,23.45,6,2020,-6.2171326
12.67,23.45,7,2020,-9.494503
12.67,23.45,8,2020,-14.70103
12.67,23.45,9,2020,-19.49334
12.67,23.45,10,2020,-20.647938
12.67,23.45,11,2020,-20.407888
12.67,23.45,12,2020,-19.8962
12.67,23.45,1,2021,-20.58742
12.67,23.45,2,2021,-20.624678
12.67,23.45,3,2021,-20.632408
12.67,23.45,4,2021,-20.529335
12.67,23.45,5,2021,-20.460543
12.67,23.45,6,2021,-20.3954
12.67,23.45,7,2021,-20.340014
12.67,23.45,8,2021,-20.282423
12.67,23.45,9,2021,-20.223572
12.67,23.45,10,2021,-20.162678
12.67,23.45,11,2021,-20.100578
12.67,23.45,12,2021,-20.037178
12.67,23.45,1,2022,-20.82188
13.12,30.55,2,2020,-1.0377332
13.12,30.55,3,2020,-0.3145919
13.12,30.55,4,2020,0.4031968
13.12,30.55,5,2020,0.90591943
13.12,30.55,6,2020,1.2360845
13.12,30.55,7,2020,1.404388
13.12,30.55,8,2020,1.449355
13.12,30.55,9,2020,1.4003724
13.12,30.55,10,2020,1.2790103
13.12,30.55,11,2020,1.098508
13.12,30.55,12,2020,0.8659078
13.12,30.55,1,2021,1.1472448
13.12,30.55,2,2021,1.2135332
13.12,30.55,3,2021,1.2723147
13.12,30.55,4,2021,1.2650976
13.12,30.55,5,2021,1.2133309
13.12,30.55,6,2021,1.1157575
13.12,30.55,7,2021,0.97527814
13.12,30.55,8,2021,0.7920497
13.12,30.55,9,2021,0.5648223
13.12,30.55,10,2021,0.29061136
13.12,30.55,11,2021,-0.0354265
13.12,30.55,12,2021,-0.42027485
13.12,30.55,1,2022,-0.5101784
13.14,30.57,2,2020,-1.0078185
13.14,30.57,3,2020,0.034436904
13.14,30.57,4,2020,1.1253173
13.14,30.57,5,2020,1.9630079
13.14,30.57,6,2020,2.5097997
13.14,30.57,7,2020,2.7782066
13.14,30.57,8,2020,2.8479683
13.14,30.57,9,2020,2.7875278
13.14,30.57,10,2020,2.6420248
13.14,30.57,11,2020,2.4349372
13.14,30.57,12,2020,2.1765425
13.14,30.57,1,2021,2.4199317
13.14,30.57,2,2021,2.4961948
13.14,30.57,3,2021,2.5504386
13.14,30.57,4,2021,2.5317721
13.14,30.57,5,2021,2.463134
13.14,30.57,6,2021,2.3452375
13.14,30.57,7,2021,2.182329
13.14,30.57,8,2021,1.974689
13.14,30.57,9,2021,1.7206742
13.14,30.57,10,2021,1.4163436
13.14,30.57,11,2021,1.0554454
13.14,30.57,12,2021,0.6290538
13.14,30.57,1,2022,0.4314655
13.16,30.59,2,2020,-1.285209
13.16,30.59,3,2020,-0.6573112
13.16,30.59,4,2020,-0.055756394
13.16,30.59,5,2020,0.39721945
13.16,30.59,6,2020,0.6998739
13.16,30.59,7,2020,0.8554422
13.16,30.59,8,2020,0.8845308
13.16,30.59,9,2020,0.8079007
13.16,30.59,10,2020,0.6414195
13.16,30.59,11,2020,0.3945071
13.16,30.59,12,2020,0.07049493
13.16,30.59,1,2021,0.27351987
13.16,30.59,2,2021,0.28902525
13.16,30.59,3,2021,0.29091644
13.16,30.59,4,2021,0.23463026
13.16,30.59,5,2021,0.1233766
13.16,30.59,6,2021,-0.048487596
13.16,30.59,7,2021,-0.28675035
13.16,30.59,8,2021,-0.59961426
13.16,30.59,9,2021,-0.99898577
13.16,30.59,10,2021,-1.50218
13.16,30.59,11,2021,-2.134465
13.16,30.59,12,2021,-2.9328377
13.16,30.59,1,2022,-4.083431
