latitude,longitude,month,year,predicted_goldsteinscore
12.45,23.9,5,2021,-9.901007
12.67,23.45,1,2022,-9.82188
12.678901,25.890123,3,2021,-9.780373
12.45,23.9,4,2021,-9.655651
12.67,23.45,10,2020,-9.647938
12.67,23.45,3,2021,-9.632408
12.67,23.45,2,2021,-9.624678
12.67,23.45,1,2021,-9.58742
12.67,23.45,4,2021,-9.529335
12.45,23.9,6,2021,-9.513472
12.67,23.45,5,2021,-9.460543
12.67,23.45,11,2020,-9.407888
12.67,23.45,6,2021,-9.3954
12.67,23.45,7,2021,-9.340014
12.678901,25.890123,4,2021,-9.316566
13.01,22.67,1,2022,-9.302172
13.01,22.67,8,2020,-9.297533
12.678901,25.890123,2,2021,-9.284546
12.67,23.45,8,2021,-9.282423
12.67,23.45,9,2021,-9.223572
12.67,23.45,10,2021,-9.162678
13.01,22.67,2,2021,-9.146395
13.01,22.67,3,2021,-9.14525
12.45,23.9,7,2021,-9.101974
12.67,23.45,11,2021,-9.100578
12.67,23.45,12,2021,-9.037178
13.95,22.45,3,2020,-9.014132
13.01,22.67,1,2021,-8.952477
12.45,23.9,8,2021,-8.946026
13.01,22.67,4,2021,-8.92771
12.67,23.45,12,2020,-8.8962
12.45,23.9,9,2021,-8.8896
13.01,22.67,7,2020,-8.885626
12.45,23.9,10,2021,-8.856146
12.98,24.12,7,2020,-8.819777
13.01,22.67,5,2021,-8.787268
12.678901,25.890123,5,2021,-8.760567
13.01,22.67,9,2020,-8.702091
13.01,22.67,6,2021,-8.675365
13.01,22.67,7,2021,-8.593756
12.456789,24.876543,1,2020,-8.59091
12.678901,25.890123,6,2021,-8.510994
13.01,22.67,8,2021,-8.508417
12.67,23.45,9,2020,-8.49334
12.456789,24.876543,2,2020,-8.481535
13.95,22.45,2,2020,-8.453485
12.678901,25.890123,7,2021,-8.429197
13.01,22.67,9,2021,-8.418087
12.98,24.12,8,2020,-8.408384
12.678901,25.890123,8,2021,-8.396912
12.678901,25.890123,9,2021,-8.335186
13.01,22.67,10,2021,-8.321436
13.95,22.45,3,2021,-8.321157
13.95,22.45,2,2021,-8.256723
12.678901,25.890123,10,2021,-8.243025
13.01,22.67,11,2021,-8.22213
13.95,22.45,4,2020,-8.193125
12.34,24.56,7,2019,-8.15254
13.01,22.67,12,2021,-8.120935
12.98,24.12,6,2020,-8.113832
13.12,23.78,3,2020,-8.097511
12.34,24.56,3,2020,-8.07429
12.456789,24.876543,3,2020,-8.071217
12.34,24.56,2,2020,-8.026772
10.632,30.379,2,2019,-7.971672
13.01,22.67,10,2020,-7.967333
12.34,24.56,6,2019,-7.959946
13.95,22.45,4,2021,-7.905233
10.632,30.379,3,2020,-7.902569
11.0333,27.7333,4,2019,-7.882017
11.0333,27.7333,3,2019,-7.858042
13.95,22.45,1,2021,-7.840872
10.632,30.379,2,2020,-7.8313
12.890123,25.012345,3,2020,-7.830185
13.12,23.78,2,2020,-7.816996
12.34,24.56,4,2020,-7.796413
10.632,30.379,3,2019,-7.782526
12.56789,25.789012,3,2020,-7.775496
12.34,24.56,1,2020,-7.743357
12.890123,25.012345,2,2020,-7.737955
12.88,24.93,3,2020,-7.727833
10.632,30.379,4,2020,-7.665035
13.12,23.78,4,2020,-7.634537
12.56789,25.789012,2,2019,-7.622755
13.01,22.67,11,2020,-7.61496
13.95,22.45,5,2021,-7.609386
12.34,24.56,5,2020,-7.603172
12.56789,25.789012,2,2020,-7.597473
12.890123,25.012345,1,2020,-7.59676
10.632,30.379,1,2020,-7.577272
11.2,27.7,3,2019,-7.571497
12.456789,24.876543,4,2020,-7.568373
10.632,30.379,1,2019,-7.557425
12.56789,25.789012,3,2019,-7.551535
12.890123,25.012345,4,2020,-7.544357
12.88,24.93,2,2020,-7.543512
13.01,22.67,12,2020,-7.508112
12.34,24.56,8,2019,-7.462172
12.34,24.56,6,2020,-7.449272
11.2,27.7,5,2018,-7.419518
11.2,27.7,2,2019,-7.408043
13.12,23.78,9,2019,-7.38441
13.95,22.45,6,2021,-7.382053
11.0333,27.7333,5,2019,-7.363918
12.34,24.56,7,2020,-7.361715
12.88,24.93,3,2019,-7.345242
12.7833,22.2833,2,2019,-7.330858
12.56789,25.789012,4,2020,-7.329126
12.890123,25.012345,5,2020,-7.329002
12.456789,24.876543,5,2020,-7.32815
12.7833,22.2833,5,2018,-7.283823
10.632,30.379,4,2019,-7.283442
11.3333,27.8,3,2019,-7.279453
12.34,24.56,8,2020,-7.27849
13.95,22.45,7,2021,-7.257875
13.45,22.45,3,2019,-7.250101
12.88,24.93,4,2020,-7.237318
13.12,23.78,5,2020,-7.236595
13.12,23.78,8,2019,-7.225094
12.345678,25.56789,3,2020,-7.204409
12.456789,24.876543,6,2020,-7.202457
13.95,22.45,5,2020,-7.185087
12.890123,25.012345,11,2019,-7.171505
11.2,27.7,4,2019,-7.155853
13.95,22.45,8,2021,-7.137508
12.456789,24.876543,7,2020,-7.130753
12.890123,25.012345,6,2020,-7.122509
11.7,28.35,3,2019,-7.10759
12.7833,22.2833,6,2018,-7.057678
12.56789,25.789012,1,2020,-7.037962
11.55,27.6,3,2019,-7.02928
12.456789,24.876543,8,2020,-7.028133
12.56789,25.789012,1,2019,-7.013044
11.3333,27.8,2,2019,-7.00136
13.12,23.78,1,2020,-6.991404
12.890123,25.012345,7,2020,-6.983566
10.632,30.379,5,2019,-6.969175
10.567,30.467,3,2020,-6.962868
12.890123,25.012345,10,2019,-6.946785
12.345678,25.56789,2,2020,-6.926666
13.12,23.78,6,2020,-6.908464
12.88,24.93,1,2020,-6.895227
12.456789,24.876543,9,2020,-6.89353
11.2,27.7,1,2019,-6.886524
11.0333,27.7333,6,2019,-6.86803
11.2,27.7,6,2018,-6.867924
12.88,24.93,4,2019,-6.865742
12.345678,25.56789,3,2019,-6.863567
11.2,27.7,4,2018,-6.863312
12.890123,25.012345,8,2020,-6.848263
12.88,24.93,5,2020,-6.841877
11.7,28.35,2,2019,-6.833712
11.2,27.7,5,2019,-6.822016
11.3333,27.8,4,2019,-6.82111
12.56789,25.789012,4,2019,-6.81497
11.7,28.35,4,2019,-6.792526
10.632,30.379,6,2019,-6.786633
13.12,23.78,7,2020,-6.736729
12.456789,24.876543,10,2020,-6.734566
12.88,24.93,2,2019,-6.729397
12.34,24.56,9,2019,-6.720129
10.632,30.379,7,2019,-6.713652
12.890123,25.012345,9,2020,-6.710035
10.9333,30.45,4,2020,-6.708906
10.567,30.467,2,2020,-6.679401
13.45,22.45,4,2019,-6.665413
11.3333,27.8,7,2018,-6.660282
10.632,30.379,8,2019,-6.648891
10.567,30.467,2,2019,-6.648144
12.7833,22.2833,1,2019,-6.622648
12.345678,25.56789,4,2020,-6.615849
11.0333,28.4667,3,2019,-6.612707
13.12,23.78,8,2020,-6.597555
12.456789,24.876543,12,2019,-6.596722
11.0333,27.7333,7,2019,-6.576948
13.95,22.45,6,2020,-6.574694
12.456789,24.876543,11,2020,-6.569366
10.632,30.379,9,2019,-6.56902
12.55,23.75,4,2018,-6.549091
12.456789,25.678901,3,2019,-6.548807
11.2,27.7,6,2019,-6.531437
10.567,30.467,4,2020,-6.500198
11.7,28.35,5,2019,-6.495832
10.567,30.467,3,2019,-6.490473
10.632,30.379,10,2019,-6.464523
11.0333,27.7333,8,2019,-6.448528
12.345678,25.56789,4,2019,-6.429142
11.55,27.6,4,2019,-6.405338
11.3333,27.8,5,2019,-6.397411
13.12,23.78,10,2019,-6.394392
12.55,23.75,2,2019,-6.389345
11.0333,27.7333,9,2019,-6.381268
11.2,27.7,7,2019,-6.372997
12.7,28,3,2019,-6.371855
13.95,22.45,7,2020,-6.371414
13.45,22.45,2,2019,-6.364647
13.95,22.45,8,2020,-6.361666
10.632,30.379,11,2019,-6.350735
11.7,28.35,1,2019,-6.346617
11.0333,27.7333,2,2019,-6.337807
13.95,22.45,9,2020,-6.327581
12.88,24.93,5,2019,-6.315172
11.3333,27.8,6,2018,-6.311327
12.890123,25.012345,12,2019,-6.3104
12.34,24.56,10,2019,-6.309616
11.0333,27.7333,10,2019,-6.304766
12.56789,25.789012,5,2019,-6.276773
11.2,27.7,8,2019,-6.240911
10.632,30.379,12,2019,-6.237665
11.3333,27.8,1,2019,-6.211424
12.34,24.56,12,2019,-6.20963
11.0333,27.7333,11,2019,-6.197718
12.34,24.56,11,2019,-6.195395
11.7,28.35,6,2019,-6.18824
13.95,22.45,10,2020,-6.181496
12.7,28,4,2019,-6.174183
10.567,30.467,1,2019,-6.159882
12.123456,25.987654,4,2017,-6.15258
11.2,27.7,9,2019,-6.113272
12.456789,25.678901,4,2019,-6.078783
12.345678,25.56789,1,2020,-6.067068
12.345678,25.56789,5,2020,-6.057014
12.7833,22.2833,7,2018,-6.046339
11.0333,28.4667,4,2019,-6.046284
11.2,27.7,7,2018,-6.034626
11.3333,27.8,6,2019,-6.023966
11.7,28.35,7,2019,-5.99409
11.3333,27.8,8,2018,-5.985142
11.2,27.7,10,2019,-5.956165
13.45,22.45,5,2019,-5.937525
12.45,23.9,3,2021,-5.935896
12.35,29.25,3,2019,-5.93501
13.95,22.45,11,2020,-5.932829
11.0333,28.4667,2,2019,-5.922682
12.123456,25.987654,3,2017,-5.911877
11.55,27.6,2,2019,-5.900208
10.567,30.467,1,2020,-5.89517
12.56789,25.789012,6,2019,-5.881336
12.55,23.75,3,2018,-5.873705
12.55,23.75,5,2018,-5.872871
11.7,28.35,8,2019,-5.835686
11.3333,27.8,7,2019,-5.831415
12.35,29.25,4,2019,-5.81507
11.2,27.7,11,2019,-5.779263
12.345678,25.56789,2,2019,-5.773373
12.88,24.93,6,2019,-5.757944
12.7833,22.2833,4,2018,-5.722862
12.456789,25.678901,2,2019,-5.715958
12.56789,25.789012,7,2019,-5.704622
11.7,28.35,9,2019,-5.702324
11.3333,27.8,8,2019,-5.69915
10.567,30.467,4,2019,-5.695562
12.123456,25.987654,5,2017,-5.689957
12.345678,25.56789,5,2019,-5.638708
13.95,22.45,12,2020,-5.632448
11.0333,28.4667,6,2018,-5.59261
11.2,27.7,12,2019,-5.589779
11.3333,27.8,9,2019,-5.586893
12.56789,25.789012,8,2019,-5.567589
11.7,28.35,10,2019,-5.557613
12.88,24.93,1,2019,-5.51019
12.75,24.1333,5,2018,-5.491756
12.55,23.75,1,2019,-5.489895
11.3333,27.8,10,2019,-5.43954
12.34,24.56,5,2019,-5.436136
12.88,24.93,7,2019,-5.426647
12.56789,25.789012,9,2019,-5.41813
13.6333,22.4333,6,2018,-5.411665
11.7,28.35,11,2019,-5.403835
12.7,28,5,2019,-5.392483
11.2,27.7,8,2018,-5.36425
12.456789,25.678901,5,2019,-5.345905
11.0333,28.4667,7,2018,-5.343285
11.3333,27.8,11,2019,-5.262127
11.7,28.35,12,2019,-5.24277
11.0333,28.4667,5,2019,-5.23857
12.75,24.1333,4,2018,-5.225643
12.56789,25.789012,10,2019,-5.200958
12.88,24.93,8,2019,-5.196167
12.35,29.25,5,2019,-5.183973
12.88,24.93,9,2018,-5.180769
11.7,28.35,10,2018,-5.169731
13.12,23.78,11,2019,-5.117609
13.45,22.45,6,2019,-5.115088
11.55,27.6,5,2019,-5.11027
10.567,30.467,5,2019,-5.036201
11.7,28.35,11,2018,-5.019781
12.7,28,2,2019,-5.017056
12.678901,25.890123,1,2021,-5.01641
12.88,24.93,9,2019,-5.016148
12.7167,28.4333,4,2019,-5.0069
10.632,30.379,12,2018,-5.00587
12.7833,22.2833,8,2018,-4.999845
11.3333,27.8,9,2018,-4.999707
11.2,27.7,9,2018,-4.996631
12.123456,25.987654,6,2017,-4.937547
12.56789,25.789012,11,2019,-4.933265
11.464,31.1,4,2018,-4.914936
12.456789,25.678901,7,2018,-4.861688
13.45,22.45,1,2019,-4.857731
11.2,27.7,10,2018,-4.849846
12.88,24.93,10,2019,-4.797185
11.464,31.1,3,2018,-4.789834
11.2,27.7,11,2018,-4.78098
12.456789,25.678901,8,2018,-4.770113
12.7167,28.4333,3,2019,-4.761981
12.345678,25.56789,6,2019,-4.740265
13.12,23.78,7,2019,-4.693741
11.2,27.7,12,2018,-4.678478
12.7,28.4333,4,2019,-4.677382
12.88,24.93,8,2018,-4.67617
13.01,22.67,6,2020,-4.654591
11.7,28.35,9,2018,-4.650585
12.35,29.25,2,2019,-4.640719
12.56789,25.789012,12,2019,-4.632882
12.7,28.4333,3,2019,-4.631477
12.55,23.75,6,2018,-4.618538
12.345678,25.56789,8,2018,-4.611369
13.45,22.45,7,2019,-4.595008
12.456789,25.678901,6,2019,-4.581202
12.345678,25.678912,2,2018,-4.555365
12.890123,25.012345,9,2019,-4.554629
10.567,30.467,6,2019,-4.548347
11.7,28.35,12,2018,-4.538584
12.88,24.93,11,2019,-4.526012
12.88,24.93,10,2018,-4.493358
11.464,31.1,5,2018,-4.489189
12.7167,28.4333,5,2019,-4.45108
11.0333,28.4667,6,2019,-4.448023
12.98,24.12,5,2020,-4.436318
12.7,28,6,2019,-4.393056
13.95,22.45,1,2020,-4.364923
11.2,27.7,3,2018,-4.354554
10.567,30.467,7,2019,-4.338803
12.345678,25.56789,9,2018,-4.321252
12.123456,25.987654,2,2017,-4.299183
12.35,29.25,6,2019,-4.279109
12.7833,22.2833,9,2018,-4.276928
13.6333,22.4333,5,2018,-4.2497425
10.567,30.467,8,2019,-4.245067
13.45,22.45,8,2019,-4.228478
12.75,24.1333,6,2018,-4.211515
11.3333,27.8,10,2018,-4.207335
12.88,24.93,12,2019,-4.204017
11.0333,28.4667,1,2019,-4.194125
10.567,30.467,9,2019,-4.172745
12.345678,25.56789,7,2019,-4.16868
13.12,23.78,12,2019,-4.1356125
11.0333,28.4667,5,2018,-4.134392
12.35,29.25,5,2018,-4.1271715
12.456789,25.678901,7,2019,-4.126722
11.3333,27.8,5,2018,-4.109749
11.0333,28.4667,8,2018,-4.0990305
10.567,30.467,10,2019,-4.029591
12.789012,25.901234,5,2018,-4.016586
11.0333,28.4667,7,2019,-4.002686
12.456789,25.678901,1,2019,-4.99069
13.45,22.45,9,2019,-4.973178
12.7,28.4333,5,2019,-4.969724
12.345678,25.678912,4,2017,-4.956456
12.7833,22.2833,10,2018,-4.932145
12.123456,25.345678,10,2017,-4.910429
12.456789,25.678901,8,2019,-4.90416
11.55,27.6,6,2019,-4.878191
12.345678,25.56789,8,2019,-4.871138
12.345678,25.678912,5,2017,-4.868765
12.456789,25.678901,9,2019,-4.8270445
11.0333,28.4667,8,2019,-4.82043
12.7833,22.2833,11,2018,-4.816596
10.567,30.467,11,2019,-4.809716
12.456789,24.876543,11,2019,-4.805246
13.45,22.45,10,2018,-4.797976
12.345678,25.56789,1,2019,-4.797181
11.0333,28.4667,9,2019,-4.792985
11.3333,27.8,11,2018,-4.782197
12.345678,25.56789,9,2019,-4.77669
11.0333,28.4667,10,2019,-4.744948
12.456789,25.678901,9,2018,-4.741802
12.7833,22.2833,12,2018,-4.741526
12.456789,25.678901,10,2019,-4.738734
13.45,22.45,9,2018,-4.723402
12.35,29.25,4,2018,-4.72119
12.35,29.25,6,2018,-4.7202835
13.6333,25.3667,5,2018,-4.7151575
12.67,23.45,8,2020,-4.70103
11.464,31.1,6,2018,-4.692258
12.345678,25.56789,10,2019,-4.6919565
12.56789,25.789012,12,2018,-4.673339
11.3333,27.8,12,2018,-4.669609
13.45,22.45,10,2019,-4.6690445
12.7,28,7,2019,-4.619082
11.0333,28.4667,11,2019,-4.600206
12.456789,25.678901,11,2019,-4.575715
12.123456,25.345678,11,2017,-4.557745
12.35,29.25,7,2019,-4.550705
10.567,30.467,12,2019,-4.537478
12.345678,25.56789,11,2019,-4.516873
11.464,31.1,2,2018,-4.511845
12.55,23.75,7,2018,-4.500623
13.6333,25.3667,6,2018,-4.49997
10.567,30.467,12,2018,-4.492998
12.345678,25.56789,7,2018,-4.482532
12.88,24.93,11,2018,-4.471118
12.456789,25.678901,6,2018,-4.464546
12.88,24.93,7,2018,-4.4228945
12.7167,28.4333,6,2019,-4.400827
10.9333,30.45,3,2020,-4.338554
12.456789,25.678901,12,2019,-4.326193
11.7,28.35,8,2018,-4.279772
13.45,22.45,11,2019,-4.267746
12.345678,25.56789,10,2018,-4.260252
12.123456,25.345678,9,2017,-4.250563
12.345678,25.56789,12,2019,-4.207634
11.55,27.6,10,2019,-4.200649
13.6333,25.3667,4,2018,-4.18634
11.55,27.6,11,2019,-4.174294
12.7,28.4333,2,2019,-4.163877
11.55,27.6,7,2019,-4.135151
12.7,28,8,2019,-4.11718
10.924614,30.125607,3,2017,-4.104852
12.7167,28.4333,2,2019,-4.052354
11.55,27.6,9,2019,-4.050372
12.35,29.25,8,2019,-4.044071
12.345678,25.678912,3,2017,-2.950317
11.464,31.1,7,2018,-2.943527
11.55,27.6,8,2019,-2.92888
12.345678,25.678912,6,2017,-2.923695
12.35,29.25,7,2018,-2.8788805
12.7,28,9,2019,-2.8686905
12.7,28.4333,6,2019,-2.848521
12.789012,25.901234,4,2018,-2.842462
13.6333,25.3667,7,2018,-2.833441
12.55,23.75,8,2018,-2.807796
13.45,22.45,11,2018,-2.792425
12.55,23.75,2,2018,-2.783118
12.35,29.25,9,2019,-2.778874
11.464,31.1,5,2017,-2.767865
12.876543,24.123456,5,2016,-2.737738
12.75,24.1333,3,2018,-2.73058
12.7,28,10,2019,-2.724538
12.35,29.25,1,2019,-2.701756
12.55,23.75,11,2018,-2.669803
11.0333,27.7333,1,2019,-2.669177
11.464,31.1,4,2017,-2.635997
12.35,29.25,10,2019,-2.62732
12.55,23.75,10,2018,-2.6125765
12.55,23.75,12,2018,-2.585572
12.55,23.75,9,2018,-2.580537
12.7,28,11,2019,-2.576806
11.0333,28.4667,9,2018,-2.574649
12.876543,24.123456,4,2016,-2.551899
12.7,28,1,2019,-2.536419
12.35,29.25,3,2018,-2.5318985
12.345678,25.678912,1,2018,-2.528719
12.35,29.25,11,2019,-2.49768
12.7167,28.4333,7,2019,-2.394592
12.456789,25.678901,10,2018,-2.394286
13.45,22.45,8,2018,-2.375381
10.632,30.379,11,2018,-2.374455
11.464,31.1,6,2017,-2.363269
11.464,31.1,8,2018,-2.359011
12.88,24.93,12,2018,-2.303546
11.94,23.05,7,2015,-2.29662
11.55,27.6,1,2019,-2.161689
12.7,28.4333,5,2018,-2.141974
11.464,31.1,3,2017,-2.092634
10.924614,30.125607,2,2017,-2.023111
11.464,31.1,9,2018,-2.020312
12.56789,25.789012,11,2018,-12.984236
13.6333,25.3667,3,2018,-12.958798
10.567,30.467,11,2018,-12.918722
12.876543,24.123456,6,2016,-12.900794
11.464,31.1,1,2018,-12.885419
12.35,29.25,8,2018,-12.865069
11.464,31.1,10,2018,-12.855507
12.7,28.4333,7,2019,-12.839534
11.464,31.1,11,2018,-12.785019
12.7,28.4333,6,2018,-12.775556
12.7,28.4333,4,2018,-12.771521
12.123456,25.987654,1,2017,-12.743164
12.345678,25.56789,11,2018,-12.726988
11.464,31.1,7,2017,-12.71887
12.7167,28.4333,8,2019,-12.653235
12.345678,25.678912,7,2017,-12.642964
12.7833,22.2833,3,2018,-12.623452
12.345678,25.56789,6,2018,-12.612555
12.123456,25.345678,8,2017,-12.4940815
13.6333,22.4333,4,2018,-12.448229
12.7167,28.4333,7,2018,-12.376561
12.876543,24.123456,3,2016,-12.366549
11.0333,28.4667,10,2018,-12.326892
12.7167,28.4333,12,2019,-12.3043375
11.7,28.35,7,2018,-12.302241
12.7167,28.4333,9,2019,-12.294521
12.7167,28.4333,11,2019,-12.27712
12.456789,25.678901,11,2018,-12.2494335
12.7167,28.4333,10,2019,-12.220649
12.7167,28.4333,8,2018,-12.190564
12.7,28.4333,8,2019,-12.160675
13.45,22.45,12,2018,-12.031173
12.7,28.4333,1,2019,-12.030149
11.464,31.1,8,2017,-11.968349
12.7167,28.4333,6,2018,-11.958088
12.35,29.25,9,2018,-11.9508915
12.7,28.4333,7,2018,-11.930262
12.7,28.4333,10,2019,-11.926489
12.7167,28.4333,1,2019,-11.901858
12.7,28.4333,9,2019,-11.900296
11.464,31.1,2,2017,-11.864224
12.7,28.4333,3,2018,-11.751373
10.924614,30.125607,1,2017,-11.74884
11.0333,28.4667,4,2018,-11.739981
11.0333,28.4667,11,2018,-11.684411
12.345678,25.678912,2,2017,-11.68418
11.0333,28.4667,12,2018,-11.672271
12.456789,25.678901,12,2018,-11.615024
12.456789,25.678901,5,2018,-11.586564
12.35,29.25,2,2018,-11.543768
12.7167,28.4333,9,2018,-11.533052
12.876543,24.123456,7,2016,-11.511381
12.345678,25.678912,8,2017,-11.396319
11.94,23.05,6,2015,-11.383628
11.3333,27.8,4,2018,-11.322015
11.464,31.1,9,2017,-11.316694
12.35,29.25,10,2018,-11.261662
12.345678,25.56789,12,2018,-11.254402
12.88,24.93,6,2018,-11.184458
12.34,24.56,4,2019,-11.171532
12.890123,25.012345,8,2019,-11.165549
13.6333,25.3667,2,2018,-11.132019
11.2,27.7,2,2018,-11.068637
13.45,22.45,7,2018,-11.049191
12.789012,25.901234,3,2018,-11.048435
12.7167,28.4333,5,2018,-9.984886
11.464,31.1,1,2017,-9.902902
12.7,28.4333,8,2018,-9.87449
13.12,23.78,6,2019,-9.864478
11.464,31.1,10,2017,-9.844349
12.35,29.25,11,2018,-9.84124
12.56789,25.789012,10,2018,-9.6514635
12.35,29.25,12,2018,-9.640653
12.7167,28.4333,10,2018,-9.639475
11.464,31.1,11,2017,-9.590252
11.464,31.1,12,2017,-9.5163
12.789012,25.901234,7,2016,-9.500798
12.345678,25.678912,9,2017,-9.493102
10.567,30.467,10,2018,-9.419061
12.456789,24.876543,10,2019,-9.334687
11.7,28.35,6,2018,-9.27294
10.632,30.379,10,2018,-9.243906
12.98,24.12,4,2020,-9.21444
12.876543,24.123456,2,2016,-9.17265
12.7,28.4333,2,2018,-9.147288
10.924614,30.125607,10,2016,-9.118888
12.45,23.9,2,2021,-9.118168
12.345678,25.678912,12,2017,-9.117251
12.123456,25.345678,7,2017,-9.105388
10.924614,30.125607,11,2016,-9.093622
10.9333,30.45,2,2020,-9.058151
12.345678,25.678912,10,2017,-9.031999
12.345678,25.678912,11,2017,-9.962379
10.924614,30.125607,12,2016,-9.958154
12.876543,24.123456,8,2016,-9.952739
10.924614,30.125607,9,2016,-9.949892
12.7,28.4333,9,2018,-9.927015
12.7,28,12,2018,-9.84041
12.35,29.25,1,2018,-9.817057
12.7167,28.4333,11,2018,-9.785312
12.123456,25.987654,12,2016,-9.701814
11.0333,27.7333,12,2018,-9.665671
12.7167,28.4333,4,2018,-9.654872
10.924614,30.125607,8,2016,-9.559721
12.67,23.45,7,2020,-9.494503
13.6333,25.3667,1,2018,-9.443827
11.464,31.1,12,2016,-9.378731
12.55,23.75,1,2018,-9.337426
12.7,28.4333,10,2018,-9.303731
12.345678,25.678912,1,2017,-9.29984
11.94,23.05,5,2015,-9.293463
12.75,24.1333,2,2018,-9.280223
12.7,28.4333,12,2018,-9.202426
12.7167,28.4333,12,2018,-9.198633
12.876543,24.123456,7,2015,-9.18766
12.876543,24.123456,6,2015,-9.130002
13.6333,22.4333,3,2018,-9.128462
12.7,28.4333,11,2018,-9.086794
12.789012,25.901234,6,2016,-9.048891
10.924614,30.125607,7,2016,-8.980079
12.7,28,11,2018,-8.832134
12.876543,24.123456,8,2015,-8.824
12.7,28.4333,1,2018,-8.741187
12.678901,25.890123,12,2020,-8.718723
13.01,22.67,5,2020,-8.704286
12.876543,24.123456,5,2015,-8.657504
11.7,28.35,5,2018,-8.580393
13.45,22.45,6,2018,-8.507269
12.56789,25.789012,9,2018,-8.358161
12.456789,25.678901,4,2018,-8.331354
10.924614,30.125607,6,2016,-8.293663
12.7167,28.4333,3,2018,-8.275034
12.876543,24.123456,1,2016,-8.239432
12.876543,24.123456,9,2015,-8.13981
12.123456,25.987654,11,2016,-8.1296215
12.789012,25.901234,8,2016,-8.02526
13.55,33.4,10,2011,-7.975016
12.7833,22.2833,2,2018,-7.9739275
12.901234,25.123456,8,2020,-7.9118876
10.567,30.467,9,2018,-7.897915
11.0333,28.4667,3,2018,-7.895257
12.876543,24.123456,4,2015,-7.875366
12.35,29.25,12,2017,-7.8429418
11.2,27.7,1,2018,-7.8211374
12.123456,25.345678,6,2017,-7.791382
11.55,27.6,12,2018,-7.774547
13.363172,25.767323,11,2011,-7.7609525
11.3333,27.8,3,2018,-7.731479
12.7,28,10,2018,-7.721941
13.6333,25.3667,12,2017,-7.664204
12.789012,25.901234,2,2018,-7.64323
10.632,30.379,9,2018,-7.629764
10.924614,30.125607,5,2016,-7.5768056
12.7,28.4333,11,2017,-7.5125227
13.363172,25.767323,12,2012,-7.5043964
11.94,23.05,4,2015,-7.501916
12.698745,30.874563,8,2019,-7.4653807
13.95,22.45,12,2019,-7.448954
13.363172,25.767323,12,2011,-7.435644
12.99,32.58,11,2011,-7.4281883
13.363172,25.767323,10,2011,-7.424342
12.876543,24.123456,10,2015,-7.3328075
12.99,32.58,12,2012,-7.329426
11.7,28.35,4,2018,-7.305634
13.363172,25.767323,11,2012,-7.2720084
12.99,32.58,10,2011,-7.230753
12.7,28.4333,12,2017,-7.1998715
12.890123,25.012345,7,2019,-7.189322
13.363172,25.767323,10,2012,-7.0751657
11.0333,27.7333,11,2018,-7.0591216
12.99,32.58,11,2012,-7.025824
13.6333,25.3667,11,2017,-7.0167737
11.46,26.13,1,2012,-7.0025077
12.7167,28.4333,2,2018,-6.9682174
12.698745,30.874563,7,2019,-6.9599533
12.876543,24.123456,3,2015,-6.926806
10.924614,30.125607,4,2016,-6.923475
13.363172,25.767323,9,2012,-6.891779
10.9333,30.45,1,2020,-6.8760185
12.76,33.58,12,2018,-6.8225937
12.345678,25.678912,12,2016,-6.8064575
13.363172,25.767323,1,2013,-6.7998304
13.567891,26.345678,10,2015,-6.741759
12.99,32.58,10,2012,-6.7205753
12.123456,25.987654,10,2016,-6.695626
13.363172,25.767323,8,2012,-6.672486
12.76,33.58,1,2019,-6.659954
12.34,24.56,3,2019,-6.656623
12.876543,24.123456,11,2015,-6.646911
12.7,28,9,2018,-6.6438723
13.12,23.78,5,2019,-6.620764
12.99,32.58,12,2011,-6.593338
12.76,33.58,2,2019,-6.5535765
12.456789,24.876543,9,2019,-6.5479813
12.78,33.6,12,2018,-6.545535
12.98,24.12,3,2020,-6.525291
12.56789,25.789012,8,2018,-6.494855
13.363172,25.767323,6,2013,-6.463289
12.698745,30.874563,6,2019,-6.462555
12.99,32.58,9,2012,-6.4159575
11.7,28.35,3,2018,-6.403934
14.73,33.3,12,2016,-6.399933
12.76,33.58,3,2019,-6.3863707
12.99,32.58,9,2013,-6.3833823
13.6333,25.3667,10,2017,-6.3590364
13.363172,25.767323,7,2012,-6.358
13.45,22.45,5,2018,-6.340648
13.363172,25.767323,2,2013,-6.3361607
12.7667,31.1333,12,2017,-6.3229246
10.924614,30.125607,3,2016,-6.318515
12.76,33.58,11,2018,-6.2962675
12.876543,24.123456,12,2015,-6.2882013
12.345678,25.678912,11,2016,-6.2644444
13.363172,25.767323,9,2011,-6.2512527
13.6333,22.4333,2,2018,-6.233607
12.67,23.45,6,2020,-6.2171326
13.363172,25.767323,1,2012,-6.159194
12.99,32.58,8,2012,-6.115278
13.363172,25.767323,5,2013,-6.081868
11.46,26.13,12,2011,-6.07218
11.94,23.05,3,2015,-6.0537825
12.99,32.58,8,2013,-6.0476217
12.698745,30.874563,5,2019,-5.991784
12.7167,28.4333,1,2018,-5.983116
13.55,33.4,12,2012,-5.972629
12.876543,24.123456,2,2015,-5.95732
10.567,30.467,8,2018,-5.9411297
13.363172,25.767323,6,2012,-5.9304056
12.123456,25.345678,5,2017,-5.914123
13.363172,25.767323,3,2013,-5.8976936
10.924614,30.125607,2,2016,-5.890748
13.363172,25.767323,4,2013,-5.8814893
12.99,32.58,7,2012,-5.822104
12.78,33.6,11,2018,-5.7989078
12.45,23.9,1,2021,-5.7851105
12.78,33.6,12,2017,-5.7726398
10.632,30.379,8,2018,-5.7702274
11.7,28.35,2,2018,-5.7570753
13.6333,25.3667,9,2017,-5.7320976
12.76,33.58,10,2018,-5.72897
12.678901,25.890123,11,2020,-5.719461
12.345678,25.678912,10,2016,-5.7168474
12.99,32.58,7,2013,-5.7161264
12.456789,25.678901,3,2018,-5.711354
13.55,33.4,11,2012,-5.6914697
12.7,28,8,2018,-5.676588
12.7667,31.1333,11,2017,-5.6180778
12.901234,25.123456,7,2020,-5.5882034
12.698745,30.874563,4,2019,-5.560359
12.99,32.58,6,2012,-5.538492
12.76,33.58,12,2017,-5.5307884
13.55,33.4,11,2011,-5.5064383
12.123456,25.987654,9,2016,-5.497769
12.8,33.62,12,2018,-5.4940104
12.789012,25.901234,9,2016,-5.4485865
12.7667,31.1333,1,2018,-5.44058
13.55,33.4,10,2012,-5.4190397
13.363172,25.767323,5,2012,-5.413757
12.55,23.75,12,2017,-5.39819
12.99,32.58,6,2013,-5.3896174
12.75,24.1333,1,2018,-5.374201
10.924614,30.125607,1,2016,-5.362084
11.7,28.35,1,2018,-5.361847
11.3333,27.8,2,2018,-5.3250656
12.78,33.6,1,2019,-5.3222384
13.45,25.67,12,2015,-5.318029
13.363172,25.767323,2,2012,-5.256713
12.99,32.58,5,2012,-5.254551
10.924614,30.125607,12,2015,-5.227448
13.45,25.67,8,2016,-5.2208858
12.345678,25.678912,9,2016,-5.1997547
13.6333,25.3667,8,2017,-5.1654253
12.698745,30.874563,3,2019,-5.165387
12.8,33.62,1,2019,-5.1612654
13.55,33.4,9,2012,-5.1570625
12.7667,31.1333,2,2018,-5.152064
12.76,33.58,9,2018,-5.1516323
11.0333,27.7333,10,2018,-5.140264
12.78,33.6,11,2017,-5.1189265
12.78,33.6,10,2018,-5.100097
11.0333,28.4667,2,2018,-5.078292
11.94,23.05,2,2015,-5.071595
12.56789,25.789012,7,2018,-5.0618577
12.8,33.62,2,2019,-5.0564523
12.99,32.58,5,2013,-5.055642
12.876543,24.123456,1,2015,-5.0354233
14.1833,32.3667,11,2017,-5.022767
12.589745,30.147896,12,2016,-5.0109134
12.76,33.58,11,2017,-5.004131
13.363172,25.767323,4,2012,-4.9731784
13.45,25.67,1,2016,-4.97201
12.99,32.58,4,2012,-4.9571095
12.7667,31.1333,10,2017,-4.957066
13.55,33.4,9,2013,-4.9508224
12.99,32.58,1,2013,-4.944738
12.8,33.62,11,2018,-4.913333
13.45,25.67,7,2016,-4.911886
13.55,33.4,8,2012,-4.9070673
11.55,27.6,11,2018,-4.903621
10.9333,30.45,12,2019,-4.9028296
13.45,25.67,2,2016,-4.9005904
12.7833,22.2833,1,2018,-4.893868
12.789012,25.901234,1,2018,-4.8922577
12.947362,29.87531,12,2016,-4.8679285
12.8,33.62,3,2019,-4.8660502
12.7667,31.1333,12,2016,-4.863394
12.78,33.6,2,2019,-4.8562174
12.7,28,7,2018,-4.848418
12.698745,30.874563,2,2019,-4.823647
13.363172,25.767323,3,2012,-4.7892423
12.345678,25.678912,8,2016,-4.750074
12.947362,29.87531,8,2017,-4.744939
13.45,25.67,11,2015,-4.743725
12.7667,31.1333,3,2018,-4.7331886
12.99,32.58,4,2013,-4.7217255
13.45,25.67,6,2016,-4.708546
13.33,33.5,10,2011,-4.69525
13.45,25.67,3,2016,-4.6854544
12.7667,31.1333,6,2018,-4.6802645
13.55,33.4,8,2013,-4.6761365
13.6333,25.3667,7,2017,-4.671913
13.55,33.4,7,2012,-4.6704245
12.99,32.58,1,2012,-4.6682777
13.45,25.67,4,2016,-4.619511
10.567,30.467,7,2018,-4.618427
13.45,25.67,5,2016,-4.603643
13.45,22.45,4,2018,-4.6028123
12.76,33.58,8,2018,-4.597
12.947362,29.87531,1,2017,-4.5831327
12.99,32.58,3,2012,-4.581295
12.7667,31.1333,4,2018,-4.577587
12.76,33.58,1,2018,-4.5674453
12.123456,25.987654,8,2016,-4.5515394
12.7667,31.1333,5,2018,-4.5429983
13.95,22.45,11,2019,-4.539312
10.632,30.379,7,2018,-4.5295205
12.123456,25.345678,4,2017,-4.5044193
12.82,33.64,12,2018,-4.499653
12.78,33.6,10,2017,-4.497643
12.890123,25.012345,6,2019,-4.4870067
12.8,33.62,12,2017,-4.481283
12.698745,30.874563,1,2019,-4.476498
12.78,33.6,9,2018,-4.469072
12.76,33.58,10,2017,-4.458576
12.589745,30.147896,11,2016,-4.4558897
13.55,33.4,6,2012,-4.4484477
12.99,32.58,2,2013,-4.420184
12.947362,29.87531,7,2017,-4.4186993
13.55,33.4,7,2013,-4.416086
12.947362,29.87531,11,2016,-4.4159174
12.947362,29.87531,2,2017,-4.3977127
12.99,32.58,2,2012,-4.393536
13.874521,31.254789,12,2015,-4.3780246
14.1833,32.3667,12,2018,-4.366396
12.7667,31.1333,9,2017,-4.3590536
12.8,33.62,10,2018,-4.3543878
12.345678,25.678912,7,2016,-4.347768
13.874521,31.254789,12,2014,-4.3287163
12.78,33.6,3,2019,-4.328057
12.98,24.12,2,2020,-4.3221025
12.99,32.58,3,2013,-4.3220162
13.6333,22.4333,1,2018,-4.299762
12.82,33.64,1,2019,-4.2734036
13.6333,25.3667,6,2017,-4.2639422
12.67,23.45,5,2020,-4.2637115
12.698745,30.874563,12,2018,-4.262859
13.55,33.4,5,2012,-4.241122
12.876543,24.123456,12,2014,-4.227228
13.01,22.67,4,2020,-4.217627
11.46,26.13,2,2012,-4.2147193
13.33,33.5,12,2012,-4.2101274
13.45,25.67,10,2015,-4.198138
12.947362,29.87531,6,2017,-4.180758
14.125487,30.784596,12,2016,-4.179743
11.94,23.05,1,2015,-4.1731067
13.55,33.4,6,2013,-4.1713004
12.7,28,6,2018,-4.160868
12.947362,29.87531,3,2017,-4.1595993
12.76,33.58,7,2018,-4.0964627
13.16,30.59,1,2022,-4.083431
12.78,33.6,1,2018,-4.082696
12.345678,25.678912,6,2016,-4.0678377
12.901234,25.123456,6,2020,-4.0659504
14.1833,32.3667,12,2017,-4.0624127
12.56789,25.789012,6,2018,-4.061251
14.73,33.3,11,2018,-4.0536084
12.947362,29.87531,5,2017,-4.0510793
12.947362,29.87531,4,2017,-4.051006
13.55,33.4,4,2012,-4.04746
12.34,24.56,2,2019,-4.045022
12.82,33.64,2,2019,-4.037042
12.456789,24.876543,8,2019,-4.031232
13.874521,31.254789,11,2014,-4.023759
13.874521,31.254789,11,2015,-4.011242
14.125487,30.784596,12,2015,-4.0108333
12.82,33.64,11,2018,-3.9924023
10.924614,30.125607,11,2015,-3.9873626
13.33,33.5,11,2012,-3.973501
12.8,33.62,11,2017,-3.9727983
12.947362,29.87531,10,2016,-3.9613488
13.55,33.4,5,2013,-3.9472399
12.7667,31.1333,11,2016,-3.9459858
12.76,33.58,2,2018,-3.9396071
12.589745,30.147896,12,2015,-3.9319685
13.6333,25.3667,5,2017,-3.925013
12.78,33.6,8,2018,-3.9196985
12.78,33.6,9,2017,-3.9190085
14.73,33.3,12,2017,-3.9147604
14.1833,32.3667,10,2019,-3.9063509
12.589745,30.147896,10,2016,-3.9056327
12.76,33.58,9,2017,-3.903968
13.45,25.67,12,2014,-3.896808
14.1833,32.3667,11,2018,-3.8937624
13.55,33.4,3,2012,-3.8766062
12.8,33.62,9,2018,-3.8378706
12.7667,31.1333,8,2017,-3.8371258
12.123456,25.987654,7,2016,-3.8307092
13.12,23.78,4,2019,-3.8221874
11.94,23.05,12,2014,-3.80396
14.125487,30.784596,11,2016,-3.7965827
12.478965,32.214789,12,2013,-3.7952242
11.0333,27.7333,9,2018,-3.7940726
15.789456,33.147852,2,2012,-3.7865558
12.456789,25.678901,2,2018,-3.7829728
10.567,30.467,6,2018,-3.7787504
15.452389,32.748512,12,2015,-3.778716
13.33,33.5,10,2012,-3.7475739
14.73,33.3,10,2018,-3.7458112
13.55,33.4,4,2013,-3.742332
12.478965,32.214789,12,2012,-3.7348382
12.678901,25.890123,10,2020,-3.733866
10.632,30.379,6,2018,-3.731372
12.345678,25.678912,4,2016,-3.7310054
13.55,33.4,12,2011,-3.7282166
12.345678,25.678912,5,2016,-3.7161531
12.82,33.64,3,2019,-3.7105796
15.452389,32.748512,12,2016,-3.7040586
12.698745,30.874563,11,2018,-3.7014785
13.55,33.4,2,2012,-3.7006955
13.45,25.67,9,2015,-3.699406
12.947362,29.87531,12,2015,-3.6908536
13.6333,25.3667,4,2017,-3.685163
12.76,33.58,6,2018,-3.6818457
14.125487,30.784596,11,2015,-3.6810868
14.2,32.37,9,2014,-3.6772082
14.2,32.37,12,2015,-3.6753902
13.874521,31.254789,10,2015,-3.6632252
14.73,33.3,11,2017,-3.620482
13.363172,25.767323,8,2011,-3.618986
13.874521,31.254789,10,2014,-3.6112502
13.567891,26.345678,11,2015,-3.6009855
12.7,28,5,2018,-3.5934699
10.9333,30.45,11,2019,-3.578614
11.3333,27.8,1,2018,-3.563697
12.8,33.62,1,2018,-3.5528934
13.55,33.4,1,2013,-3.5382066
13.33,33.5,9,2012,-3.5335667
12.55,23.75,11,2017,-3.5225286
12.947362,29.87531,9,2016,-3.5194309
13.55,33.4,3,2013,-3.513053
12.7667,31.1333,1,2017,-3.5021904
12.8,33.62,10,2017,-3.4889066
12.478965,32.214789,11,2013,-3.4835858
12.78,33.6,2,2018,-3.4800425
12.78,33.6,7,2018,-3.463418
12.876543,24.123456,11,2014,-3.459569
13.6333,25.3667,3,2017,-3.4567125
12.478965,32.214789,11,2012,-3.454847
14.1833,32.3667,10,2018,-3.450047
12.82,33.64,10,2018,-3.448601
14.73,33.3,9,2018,-3.4481254
12.123456,25.345678,3,2017,-3.4441442
12.589745,30.147896,11,2015,-3.439625
13.55,33.4,2,2013,-3.4381804
14.1833,32.3667,9,2019,-3.4367876
14.2,32.37,12,2014,-3.4351475
14.125487,30.784596,10,2016,-3.4344711
12.76,33.58,3,2018,-3.4273255
15.452389,32.748512,11,2016,-3.4264982
13.55,33.4,1,2012,-3.413395
13.33,33.5,9,2013,-3.403052
12.7667,31.1333,7,2017,-3.4014459
13.6333,25.3667,2,2017,-3.399594
14.2,32.37,11,2015,-3.394851
12.76,33.58,5,2018,-3.390907
12.589745,30.147896,9,2016,-3.3838665
12.78,33.6,8,2017,-3.3835309
12.8,33.62,8,2018,-3.3811653
15.452389,32.748512,11,2015,-3.374015
13.6333,25.3667,12,2016,-3.3575268
11.46,26.13,3,2012,-3.354199
12.76,33.58,8,2017,-3.3448367
12.82,33.64,12,2017,-3.3439994
13.874521,31.254789,9,2015,-3.3367314
14.73,33.3,10,2017,-3.3337483
13.33,33.5,8,2012,-3.3327844
13.45,22.45,3,2018,-3.3247402
12.123456,25.987654,6,2016,-3.3111517
14.22403,33.607028,12,2018,-3.3038979
14.125487,30.784596,10,2015,-3.299224
10.567,30.467,5,2018,-3.299151
12.76,33.58,4,2018,-3.2865863
15.789456,33.147852,12,2012,-3.2856817
12.45,23.9,12,2020,-3.2846103
10.632,30.379,5,2018,-3.2671962
13.45,25.67,8,2015,-3.2621489
14.365478,30.784125,12,2015,-3.2458415
15.689412,32.987654,12,2015,-3.241667
11.0333,28.4667,1,2018,-3.2368624
12.784125,30.478965,12,2015,-3.2290287
12.698745,30.874563,10,2018,-3.2001953
12.478965,32.214789,10,2012,-3.1880643
12.56789,25.789012,5,2018,-3.1879716
12.478965,32.214789,10,2013,-3.1856868
12.7667,31.1333,2,2017,-3.1826699
13.33,33.5,8,2013,-3.1819756
14.73,33.3,8,2018,-3.165551
15.452389,32.748512,10,2016,-3.1640599
13.33,33.5,7,2012,-3.1467953
12.7,28,4,2018,-3.1410546
15.789456,33.147852,12,2013,-3.1370595
13.6333,25.3667,1,2017,-3.1370528
15.789456,33.147852,11,2012,-3.1281192
14.2,32.37,10,2015,-3.1249754
12.78,33.6,6,2018,-3.1127315
12.947362,29.87531,8,2016,-3.1050594
13.33,33.5,12,2011,-3.1014428
12.8,33.62,2,2018,-3.1004543
14.125487,30.784596,9,2016,-3.096416
15.689412,32.987654,12,2016,-3.0768728
12.7667,31.1333,6,2017,-3.0624368
12.589745,30.147896,1,2016,-3.0593443
14.73,33.3,9,2017,-3.054936
12.345678,25.678912,3,2016,-3.0476646
14.365478,30.784125,12,2014,-3.0458076
12.8,33.62,9,2017,-3.0419552
14.1833,32.3667,9,2018,-3.0396554
13.874521,31.254789,8,2015,-3.0339842
12.901234,25.123456,5,2020,-3.0273929
13.45,25.67,1,2015,-3.018579
14.1833,32.3667,8,2019,-3.0149386
12.234567,25.456789,12,2016,-3.0094705
12.8,33.62,7,2018,-2.9999306
15.689412,32.987654,9,2015,-2.9946756
12.67,23.45,4,2020,-2.9832706
13.33,33.5,7,2013,-2.9786506
14.2,32.37,11,2014,-2.9784667
13.33,33.5,6,2012,-2.9777164
14.365478,30.784125,11,2015,-2.9762177
15.789456,33.147852,10,2012,-2.9733844
14.22403,33.607028,12,2017,-2.9703264
14.2,32.37,10,2014,-2.9681847
12.589745,30.147896,10,2015,-2.9640412
12.123456,25.987654,12,2015,-2.9546866
14.22403,33.607028,11,2018,-2.9543047
15.789456,33.147852,11,2013,-2.9536288
15.452389,32.748512,10,2015,-2.9534543
14.123456,27.987654,12,2012,-2.9463906
12.78,33.6,3,2018,-2.9453278
12.7667,31.1333,10,2016,-2.94157
12.123456,25.987654,5,2016,-2.9407575
12.478965,32.214789,9,2012,-2.9377525
13.16,30.59,12,2021,-2.9328377
13.45,25.67,11,2014,-2.9309192
15.452389,32.748512,9,2016,-2.9177008
12.589745,30.147896,8,2016,-2.910876
12.947362,29.87531,1,2016,-2.9078543
12.478965,32.214789,9,2013,-2.9048963
14.73,33.3,7,2018,-2.9014504
12.784125,30.478965,12,2014,-2.9001215
12.98,24.12,1,2020,-2.899585
13.45,25.67,7,2015,-2.8970342
12.78,33.6,7,2017,-2.8964696
14.125487,30.784596,8,2017,-2.8938131
12.82,33.64,9,2018,-2.8899002
12.78,33.6,5,2018,-2.8876429
13.874521,31.254789,8,2014,-2.8771763
10.924614,30.125607,10,2015,-2.874119
11.0333,27.7333,8,2018,-2.867844
14.2,32.37,9,2015,-2.8672233
12.82,33.64,11,2017,-2.8621962
15.689412,32.987654,11,2016,-2.84954
11.3333,27.8,12,2017,-2.847564
13.874521,31.254789,9,2014,-2.8338375
12.7667,31.1333,5,2017,-2.8325534
11.94,23.05,11,2014,-2.828834
12.78,33.6,4,2018,-2.825491
13.33,33.5,5,2012,-2.8222077
12.784125,30.478965,11,2015,-2.8192446
13.45,25.67,2,2015,-2.8173802
13.546721,30.125389,12,2016,-2.8063128
14.73,33.3,1,2017,-2.8027618
14.365478,30.784125,11,2014,-2.7973769
15.789456,33.147852,9,2012,-2.7941217
13.33,33.5,6,2013,-2.7930005
14.73,33.3,8,2017,-2.7908766
12.7667,31.1333,3,2017,-2.7888181
14.125487,30.784596,8,2016,-2.7848122
15.789456,33.147852,10,2013,-2.7814023
11.48,26.14,11,2015,-2.7802682
14.1833,32.3667,1,2019,-2.7765903
12.76,33.58,7,2017,-2.7755773
12.876543,24.123456,10,2014,-2.77472
12.698745,30.874563,9,2018,-2.7664373
13.874521,31.254789,7,2015,-2.7567763
11.55,27.6,10,2018,-2.7514224
12.7,28,3,2018,-2.748601
11.48,26.14,12,2014,-2.747737
12.7667,31.1333,4,2017,-2.747088
12.789012,25.901234,12,2017,-2.7462237
12.123456,25.987654,4,2016,-2.73982
12.012345,25.234567,3,2014,-2.7373168
12.947362,29.87531,7,2016,-2.7329173
14.365478,30.784125,10,2015,-2.7187495
12.8,33.62,6,2018,-2.7120879
12.890123,25.012345,5,2019,-2.7109866
12.478965,32.214789,8,2012,-2.708498
15.452389,32.748512,8,2016,-2.688232
13.33,33.5,4,2012,-2.6827495
12.123456,25.345678,2,2017,-2.6712441
14.1833,32.3667,8,2018,-2.666006
12.8,33.62,3,2018,-2.6608095
15.789456,33.147852,3,2012,-2.660734
12.123456,25.987654,2,2016,-2.6560795
14.73,33.3,6,2018,-2.6514332
14.22403,33.607028,11,2017,-2.6486297
12.947362,29.87531,11,2015,-2.6484625
14.1833,32.3667,7,2019,-2.646825
12.478965,32.214789,8,2013,-2.6439097
12.8,33.62,8,2017,-2.6437004
15.789456,33.147852,8,2012,-2.642441
10.9333,30.45,10,2019,-2.64191
15.689412,32.987654,10,2016,-2.6363227
14.2,32.37,8,2015,-2.6250284
15.789456,33.147852,9,2013,-2.6249375
12.234567,25.456789,1,2017,-2.6237106
14.22403,33.607028,10,2018,-2.621112
13.45,25.67,6,2015,-2.6207204
12.589745,30.147896,1,2015,-2.6169522
15.452389,32.748512,8,2017,-2.6130466
14.123456,27.987654,11,2012,-2.6116948
13.33,33.5,5,2013,-2.6106591
15.789456,33.147852,7,2012,-2.6053557
16.378965,33.124578,10,2015,-2.5812974
14.125487,30.784596,7,2017,-2.580668
14.2,32.37,7,2016,-2.577104
12.123456,25.987654,3,2016,-2.5746093
12.7833,22.2833,12,2017,-2.5715618
14.73,33.3,7,2017,-2.5591762
11.0333,27.7333,12,2017,-2.5551703
15.789456,33.147852,6,2012,-2.551238
14.365478,30.784125,10,2014,-2.545069
12.589745,30.147896,2,2016,-2.543612
12.947362,29.87531,2,2016,-2.5435421
12.8,33.62,5,2018,-2.5372033
12.456789,25.678901,1,2018,-2.5292578
10.9333,30.45,5,2018,-2.5290587
16.478965,29.874521,12,2015,-2.525638
13.874521,31.254789,1,2016,-2.5255697
12.698745,30.874563,12,2017,-2.5251262
12.784125,30.478965,11,2014,-2.5199196
12.8,33.62,4,2018,-2.5183659
12.589745,30.147896,9,2015,-2.516427
14.125487,30.784596,1,2017,-2.5130038
13.33,33.5,3,2012,-2.5094616
13.874521,31.254789,7,2014,-2.508721
13.874521,31.254789,6,2015,-2.5068815
13.6333,22.4333,12,2017,-2.5063164
13.478965,31.254789,12,2017,-2.5053854
12.589745,30.147896,7,2016,-2.504494
12.478965,32.214789,7,2012,-2.504118
14.125487,30.784596,7,2016,-2.5018034
14.123456,27.987654,12,2013,-2.48786
12.7,28,2,2018,-2.4821544
12.78,33.6,6,2017,-2.482044
15.789456,33.147852,8,2013,-2.480085
13.95,22.45,10,2019,-2.4798667
15.452389,32.748512,7,2016,-2.4760816
14.365478,30.784125,9,2015,-2.475809
13.33,33.5,1,2013,-2.473525
12.123456,25.987654,1,2016,-2.4721668
13.695056,30.098321,12,2016,-2.47031
16.478965,29.874521,12,2016,-2.4638329
13.33,33.5,2,2012,-2.457361
13.546721,30.125389,11,2016,-2.4546947
12.75,24.1333,12,2017,-2.4524817
13.874521,31.254789,6,2016,-2.450139
13.45,25.67,3,2015,-2.4481118
15.689412,32.987654,11,2015,-2.437304
13.45,25.67,5,2015,-2.4359071
15.689412,32.987654,9,2016,-2.4354885
12.784125,30.478965,10,2015,-2.435411
12.82,33.64,1,2018,-2.4255495
12.947362,29.87531,6,2016,-2.421196
13.33,33.5,4,2013,-2.4134867
14.2,32.37,7,2015,-2.4049854
12.698745,30.874563,8,2018,-2.4041984
12.478965,32.214789,7,2013,-2.4034786
13.874521,31.254789,1,2015,-2.4023194
14.73,33.3,1,2018,-2.4020374
12.456789,24.876543,7,2019,-2.4013572
13.45,25.67,4,2015,-2.3997045
14.73,33.3,5,2018,-2.396303
15.452389,32.748512,9,2015,-2.3877177
15.452389,32.748512,7,2017,-2.3823397
12.784125,30.478965,1,2016,-2.3723803
14.73,33.3,6,2017,-2.3721457
12.678901,25.890123,9,2020,-2.3707764
12.478965,32.214789,1,2014,-2.365053
12.82,33.64,10,2017,-2.360616
14.2,32.37,6,2016,-2.3529587
15.689412,32.987654,8,2017,-2.3468175
14.1833,32.3667,6,2019,-2.340257
12.82,33.64,8,2018,-2.3393092
15.789456,33.147852,7,2013,-2.3336675
14.1833,32.3667,7,2018,-2.3322806
13.546721,30.125389,9,2017,-2.3288047
12.478965,32.214789,6,2012,-2.3158083
13.6333,25.3667,11,2016,-2.3134434
14.125487,30.784596,6,2017,-2.3081126
12.8,33.62,7,2017,-2.3079872
14.22403,33.607028,9,2018,-2.307239
14.125487,30.784596,9,2015,-2.3062103
14.365478,30.784125,9,2014,-2.3054965
13.546721,30.125389,12,2015,-2.299989
12.34,24.56,1,2019,-2.2994773
16.973957,29.939331,12,2015,-2.2984304
14.1833,32.3667,2,2019,-2.2931993
16.478965,29.874521,11,2015,-2.292843
13.874521,31.254789,5,2015,-2.290496
12.901234,25.123456,4,2020,-2.2901437
15.452389,32.748512,6,2016,-2.2807088
14.22403,33.607028,10,2017,-2.2748733
14.874563,31.478965,12,2020,-2.2726524
12.234567,25.456789,11,2016,-2.2640052
14.123456,27.987654,11,2013,-2.2577693
14.125487,30.784596,1,2016,-2.2536676
14.365478,30.784125,8,2015,-2.2517924
14.125487,30.784596,6,2016,-2.2499046
16.478965,29.874521,11,2016,-2.249243
12.67,23.45,3,2020,-2.248474
11.0333,27.7333,7,2018,-2.2469144
15.689412,32.987654,8,2016,-2.2410824
11.0333,28.4667,12,2017,-2.2326198
13.874521,31.254789,5,2016,-2.2225213
16.973957,29.939331,12,2016,-2.2147357
14.2,32.37,6,2015,-2.21104
12.478965,32.214789,1,2013,-2.2001693
15.789456,33.147852,6,2013,-2.1951883
12.947362,29.87531,5,2016,-2.1927571
13.33,33.5,1,2012,-2.1897287
14.73,33.3,5,2017,-2.1860855
10.9333,30.45,6,2018,-2.185713
12.589745,30.147896,6,2016,-2.184626
14.1833,32.3667,1,2018,-2.182757
12.478965,32.214789,6,2013,-2.1808848
12.76,33.58,6,2017,-2.1808193
15.452389,32.748512,6,2017,-2.1703384
12.947362,29.87531,3,2016,-2.1673653
13.33,33.5,2,2013,-2.1558127
13.695056,30.098321,12,2015,-2.153595
13.33,33.5,3,2013,-2.153498
15.789456,33.147852,5,2012,-2.1522517
15.689412,32.987654,7,2017,-2.1517441
13.874521,31.254789,2,2016,-2.1432405
14.22403,33.607028,1,2019,-2.1424277
16.478965,29.874521,10,2015,-2.1391127
14.365478,30.784125,8,2014,-2.1385384
13.695056,30.098321,11,2016,-2.135783
13.16,30.59,11,2021,-2.134465
14.2,32.37,5,2016,-2.127844
12.7,28,1,2018,-2.1273715
13.546721,30.125389,10,2016,-2.1260529
12.784125,30.478965,10,2014,-2.122808
13.6333,22.4333,11,2017,-2.1202195
16.973957,29.939331,11,2015,-2.1186364
13.874521,31.254789,4,2015,-2.1158981
12.698745,30.874563,7,2018,-2.1158934
13.478965,31.254789,11,2017,-2.1153073
12.478965,32.214789,5,2012,-2.1139123
15.789456,33.147852,5,2013,-2.1137972
14.1833,32.3667,5,2019,-2.109556
14.73,33.3,4,2018,-2.10938
12.7,28,12,2017,-2.1079366
12.589745,30.147896,8,2015,-2.1054485
14.125487,30.784596,2,2017,-2.105325
13.45,22.45,2,2018,-2.1046839
15.452389,32.748512,5,2016,-2.1031613
12.947362,29.87531,4,2016,-2.1004682
13.874521,31.254789,2,2015,-2.0975182
16.478965,29.874521,9,2015,-2.0885448
12.98,24.12,12,2019,-2.0879996
11.48,26.14,10,2015,-2.087604
14.125487,30.784596,5,2017,-2.0859106
15.789456,33.147852,4,2013,-2.0843446
12.784125,30.478965,9,2015,-2.0826871
13.551155,27.754439,12,2016,-2.0783038
12.589745,30.147896,3,2016,-2.077954
14.2,32.37,1,2016,-2.0716481
14.365478,30.784125,7,2014,-2.06826
15.689412,32.987654,7,2016,-2.056636
12.8,33.62,6,2017,-2.0532558
13.546721,30.125389,1,2017,-2.053043
13.874521,31.254789,4,2016,-2.0528731
14.365478,30.784125,7,2015,-2.0518281
16.478965,29.874521,10,2016,-2.0499282
11.94,23.05,10,2014,-2.0470984
14.1833,32.3667,6,2018,-2.0428402
14.123456,27.987654,10,2013,-2.0421612
12.55,23.75,10,2017,-2.0374036
14.125487,30.784596,5,2016,-2.0358572
12.698745,30.874563,1,2018,-2.0332847
14.2,32.37,5,2015,-2.027246
16.973957,29.939331,11,2016,-2.0207925
13.546721,30.125389,8,2017,-2.0205984
12.123456,25.345678,1,2017,-2.0191636
11.48,26.14,11,2014,-2.0190406
14.22403,33.607028,8,2018,-2.01487
12.78,33.6,5,2017,-2.0147038
14.365478,30.784125,6,2014,-2.0064778
14.123456,27.987654,9,2014,-2.00553
13.478965,31.254789,1,2018,-2.0040534
12.589745,30.147896,2,2015,-2.0031278
10.9333,30.45,9,2019,-1.994362
15.689412,32.987654,6,2017,-1.9902449
13.12,23.78,3,2019,-1.9896964
12.784125,30.478965,2,2016,-1.9871035
15.452389,32.748512,5,2017,-1.9791375
14.1833,32.3667,4,2019,-1.9785627
14.1833,32.3667,3,2019,-1.977151
12.589745,30.147896,5,2016,-1.9761945
13.874521,31.254789,3,2015,-1.975091
12.45,23.9,11,2020,-1.967557
12.478965,32.214789,5,2013,-1.96569
11.46,26.13,12,2012,-1.964001
12.698745,30.874563,11,2017,-1.9615486
10.9333,30.45,12,2018,-1.9505491
16.784125,29.365478,12,2017,-1.9491743
14.365478,30.784125,1,2016,-1.947813
15.452389,32.748512,4,2016,-1.9475831
12.234567,25.456789,12,2015,-1.9451892
13.874521,31.254789,3,2016,-1.944332
16.973957,29.939331,10,2015,-1.9433602
16.784125,29.365478,12,2016,-1.9430555
14.125487,30.784596,4,2017,-1.933617
12.8,33.62,4,2017,-1.9314406
12.589745,30.147896,4,2016,-1.9311408
12.8,33.62,5,2017,-1.9220828
14.125487,30.784596,2,2016,-1.918608
10.924614,30.125607,9,2015,-1.913942
15.689412,32.987654,6,2016,-1.9073133
15.789456,33.147852,3,2013,-1.905958
12.698745,30.874563,6,2018,-1.9037428
15.321478,31.874563,12,2017,-1.9013283
12.123456,25.987654,11,2015,-1.9000479
12.698745,30.874563,2,2018,-1.8991632
12.876543,24.123456,9,2014,-1.8832893
14.365478,30.784125,6,2015,-1.8742524
14.125487,30.784596,4,2016,-1.8715285
14.2,32.37,4,2016,-1.8661932
16.478965,29.874521,9,2016,-1.8661731
14.125487,30.784596,3,2017,-1.8629873
15.689412,32.987654,5,2017,-1.8625345
11.0333,27.7333,6,2018,-1.8574535
13.695056,30.098321,11,2015,-1.857258
14.874563,31.478965,11,2020,-1.8553586
12.7833,22.2833,11,2017,-1.852974
14.22403,33.607028,6,2019,-1.8474655
15.689412,32.987654,10,2015,-1.845832
12.82,33.64,9,2017,-1.8446128
14.123456,27.987654,9,2013,-1.84451
10.9333,30.45,7,2018,-1.8436631
16.973957,29.939331,10,2016,-1.8411471
14.73,33.3,2,2018,-1.837378
12.784125,30.478965,1,2015,-1.8365786
13.695056,30.098321,10,2016,-1.8249083
13.546721,30.125389,9,2016,-1.8235781
12.82,33.64,7,2018,-1.820981
14.73,33.3,3,2018,-1.820179
14.123456,27.987654,8,2014,-1.8113066
15.452389,32.748512,4,2017,-1.8109878
11.0333,27.7333,2,2018,-1.8094378
13.789012,25.432109,12,2015,-1.8092946
14.1833,32.3667,5,2018,-1.807559
15.689412,32.987654,5,2016,-1.806819
14.2,32.37,4,2015,-1.8046569
15.452389,32.748512,3,2016,-1.7987471
15.321478,31.874563,12,2016,-1.7935333
16.478965,29.874521,6,2015,-1.7924418
12.478965,32.214789,4,2012,-1.79224
16.973957,29.939331,9,2015,-1.7897865
14.73,33.3,4,2017,-1.7860633
14.2,32.37,1,2015,-1.7842704
13.6333,22.4333,10,2017,-1.7839001
14.22403,33.607028,9,2017,-1.7828819
15.789456,33.147852,4,2012,-1.7770597
13.33,33.5,11,2011,-1.7743256
12.698745,30.874563,5,2018,-1.7703559
12.34,24.56,12,2018,-1.7681638
12.784125,30.478965,8,2015,-1.7654179
12.478965,32.214789,4,2013,-1.7626555
14.125487,30.784596,3,2016,-1.7585016
12.345678,24.876543,4,2012,-1.757483
13.45,25.67,10,2014,-1.7563838
13.546721,30.125389,7,2017,-1.7559525
13.363172,25.767323,7,2011,-1.7534554
14.1833,32.3667,2,2018,-1.7519855
12.698745,30.874563,3,2018,-1.7510191
13.551155,27.754439,1,2017,-1.7493279
16.784125,29.365478,11,2016,-1.7472765
13.478965,31.254789,12,2016,-1.7456563
14.22403,33.607028,7,2018,-1.7455267
12.901234,25.123456,3,2020,-1.7417749
13.546721,30.125389,11,2015,-1.7395546
12.478965,32.214789,2,2013,-1.7389147
16.784125,29.365478,11,2017,-1.7381102
12.589745,30.147896,7,2015,-1.7381089
13.478965,31.254789,10,2017,-1.7335562
13.551155,27.754439,11,2016,-1.7282144
12.789012,25.901234,11,2017,-1.7249336
11.48,26.14,1,2015,-1.7235678
11.0333,27.7333,1,2018,-1.7228243
15.452389,32.748512,1,2016,-1.7224157
13.546721,30.125389,2,2017,-1.7218419
12.698745,30.874563,4,2018,-1.721277
16.874563,29.365478,12,2016,-1.7089906
12.82,33.64,2,2018,-1.7053075
15.452389,32.748512,1,2017,-1.7035137
15.689412,32.987654,4,2017,-1.700837
16.478965,29.874521,8,2016,-1.6981252
14.365478,30.784125,5,2015,-1.6979228
11.46,26.13,11,2013,-1.6912968
16.973957,29.939331,8,2015,-1.6864232
13.789012,25.432109,1,2016,-1.684243
14.22403,33.607028,2,2019,-1.6798974
15.689412,32.987654,4,2016,-1.6770289
16.973957,29.939331,9,2016,-1.6759506
13.695056,30.098321,1,2017,-1.6738724
12.784125,30.478965,9,2014,-1.6717681
14.123456,27.987654,8,2013,-1.6715175
15.321478,31.874563,11,2017,-1.6679122
12.234567,25.456789,10,2016,-1.6590996
15.452389,32.748512,2,2016,-1.655007
15.452389,32.748512,3,2017,-1.6544576
16.973957,29.939331,4,2015,-1.6528325
12.784125,30.478965,6,2016,-1.6508852
14.1833,32.3667,4,2018,-1.6415118
14.123456,27.987654,7,2014,-1.6402231
11.0333,27.7333,5,2018,-1.6387358
14.123456,27.987654,1,2013,-1.6344771
14.22403,33.607028,1,2018,-1.631967
14.365478,30.784125,4,2016,-1.627852
14.22403,33.607028,5,2019,-1.621384
10.9333,30.45,1,2019,-1.62072
13.01,22.67,3,2020,-1.6198437
13.789012,25.432109,2,2016,-1.619141
13.551155,27.754439,2,2017,-1.6186886
14.365478,30.784125,1,2015,-1.6149012
14.521478,30.487965,12,2012,-1.6148369
16.874563,29.365478,12,2015,-1.6114122
12.345678,24.876543,3,2012,-1.6043833
10.9333,30.45,11,2018,-1.6041962
12.123456,25.345678,12,2016,-1.6034576
12.78,33.6,4,2017,-1.5997206
12.784125,30.478965,3,2016,-1.5993304
13.478965,31.254789,2,2018,-1.5953494
10.9333,30.45,8,2018,-1.5898293
13.695056,30.098321,10,2015,-1.5832807
11.0333,27.7333,4,2018,-1.5826839
12.76,33.58,5,2017,-1.578327
12.478965,32.214789,3,2013,-1.5764595
15.321478,31.874563,11,2016,-1.5757568
11.0333,27.7333,3,2018,-1.5753921
14.874563,31.478965,12,2019,-1.5738456
14.2,32.37,3,2016,-1.570937
16.378965,33.124578,12,2016,-1.5700755
16.784125,29.365478,10,2016,-1.5668353
10.9333,30.45,8,2019,-1.5662843
16.478965,29.874521,8,2015,-1.566245
14.1833,32.3667,3,2018,-1.5653855
13.551155,27.754439,12,2015,-1.5653036
12.947362,29.87531,10,2015,-1.5580665
14.2,32.37,2,2016,-1.5563567
15.452389,32.748512,2,2017,-1.5540633
13.546721,30.125389,8,2016,-1.5498362
16.478965,29.874521,7,2016,-1.5455614
11.48,26.14,9,2015,-1.5451587
13.546721,30.125389,6,2017,-1.5450828
16.784125,29.365478,10,2017,-1.5431821
16.874563,29.365478,11,2016,-1.5407091
13.695056,30.098321,9,2016,-1.5399413
14.123456,27.987654,7,2013,-1.5275317
16.973957,29.939331,8,2016,-1.5253472
16.973957,29.939331,7,2015,-1.5206211
10.9333,30.45,2,2019,-1.5168743
12.689457,30.147852,12,2013,-1.5145957
13.45,22.45,1,2018,-1.5123532
12.784125,30.478965,5,2016,-1.507337
14.2,32.37,3,2015,-1.5027252
13.16,30.59,10,2021,-1.50218
14.521478,30.487965,12,2013,-1.5006201
14.22403,33.607028,6,2018,-1.5004363
11.46,26.13,4,2012,-1.4979897
15.789456,33.147852,2,2013,-1.4956585
16.973957,29.939331,5,2015,-1.495051
12.784125,30.478965,4,2016,-1.491869
13.6333,22.4333,9,2017,-1.4907981
12.890123,25.012345,4,2019,-1.4903115
12.784125,30.478965,7,2015,-1.4876827
14.365478,30.784125,4,2015,-1.4860194
14.123456,27.987654,6,2014,-1.4840163
11.48,26.14,2,2015,-1.4829804
14.874563,31.478965,10,2020,-1.4824332
14.521478,30.487965,11,2012,-1.4800341
14.365478,30.784125,2,2016,-1.4781897
13.789012,25.432109,11,2015,-1.4762945
14.22403,33.607028,4,2019,-1.4661621
14.123456,27.987654,1,2014,-1.4659394
17.878412,30.478965,12,2017,-1.4643959
12.478965,32.214789,3,2012,-1.4619626
16.874563,29.365478,11,2015,-1.4542305
15.321478,31.874563,10,2017,-1.4504403
12.56789,26.789012,3,2014,-1.4474595
10.9333,30.45,9,2018,-1.4461148
10.9333,30.45,10,2018,-1.4433773
12.789012,25.901234,10,2016,-1.439027
11.94,23.05,9,2014,-1.4359219
13.546721,30.125389,1,2016,-1.4338918
13.551155,27.754439,3,2017,-1.4320935
15.689412,32.987654,1,2017,-1.4311235
12.589745,30.147896,6,2015,-1.4248632
14.22403,33.607028,3,2019,-1.4207327
13.546721,30.125389,3,2017,-1.4184501
15.689412,32.987654,1,2016,-1.4164453
14.587364,22.66106,4,2016,-1.4163395
15.789456,33.147852,1,2013,-1.4131843
14.874563,31.478965,1,2021,-1.4125481
13.551155,27.754439,10,2016,-1.4113462
14.965478,30.784125,12,2018,-1.4101461
12.784125,30.478965,2,2015,-1.4097463
11.46,26.13,11,2012,-1.4093401
16.478965,29.874521,6,2016,-1.4081206
14.365478,30.784125,3,2016,-1.4070476
12.698745,30.874563,10,2017,-1.4062337
14.22403,33.607028,8,2017,-1.40524
16.784125,29.365478,9,2016,-1.4021
14.123456,27.987654,6,2013,-1.401651
14.587364,22.66106,5,2016,-1.4015098
11.48,26.14,10,2014,-1.39943
13.546721,30.125389,5,2017,-1.399376
17.878412,30.478965,12,2016,-1.3967116
14.2,32.37,2,2015,-1.3964864
15.689412,32.987654,3,2017,-1.3934991
16.378965,33.124578,11,2016,-1.3929313
14.587364,22.66106,3,2016,-1.3895093
16.973957,29.939331,7,2016,-1.3890444
13.478965,31.254789,11,2016,-1.3877527
16.874563,29.365478,10,2016,-1.3873823
12.678901,25.890123,8,2020,-1.3854663
14.587364,22.66106,6,2016,-1.3705429
15.321478,31.874563,10,2016,-1.3700994
12.82,33.64,6,2018,-1.3672383
16.784125,29.365478,9,2017,-1.3645104
13.478965,31.254789,9,2017,-1.3629998
15.689412,32.987654,3,2016,-1.3608453
14.521478,30.487965,10,2012,-1.3602837
13.546721,30.125389,4,2017,-1.3554405
14.521478,30.487965,11,2013,-1.3534518
12.7667,31.1333,9,2016,-1.352935
10.9333,30.45,3,2019,-1.3459991
12.689457,30.147852,12,2012,-1.3452195
12.901234,25.123456,2,2020,-1.3431871
13.695056,30.098321,2,2017,-1.3405585
12.75,24.1333,11,2017,-1.3374087
11.987456,24.567891,12,2015,-1.3370376
16.378965,33.124578,9,2015,-1.3344646
12.234567,25.456789,11,2015,-1.3337537
13.695056,30.098321,9,2015,-1.3323767
12.82,33.64,8,2017,-1.3300538
14.123456,27.987654,5,2014,-1.3231397
11.94,23.05,12,2013,-1.3225478
16.874563,29.365478,10,2015,-1.3165847
10.9333,30.45,7,2019,-1.3089511
12.456789,24.876543,6,2019,-1.3077776
13.546721,30.125389,7,2016,-1.3071492
17.878412,30.478965,11,2017,-1.307084
12.7833,22.2833,10,2017,-1.2964785
16.478965,29.874521,5,2016,-1.2871445
13.16,30.59,2,2020,-1.285209
13.695056,30.098321,8,2016,-1.2824764
14.22403,33.607028,5,2018,-1.2814285
15.789456,33.147852,1,2014,-1.278277
14.587364,22.66106,2,2016,-1.2755852
16.973957,29.939331,6,2016,-1.266172
13.551155,27.754439,11,2015,-1.2610115
14.965478,30.784125,12,2017,-1.2581202
12.784125,30.478965,6,2015,-1.2575907
17.878412,30.478965,11,2016,-1.2566177
14.123456,27.987654,5,2013,-1.2556521
14.521478,30.487965,9,2012,-1.2551136
16.784125,29.365478,8,2016,-1.2517934
11.55,27.6,9,2018,-1.2510226
15.321478,31.874563,9,2017,-1.249713
16.378965,33.124578,12,2015,-1.2469014
16.874563,29.365478,9,2016,-1.246721
10.9333,30.45,4,2019,-1.2337646
13.6333,22.4333,8,2017,-1.2323232
14.365478,30.784125,3,2015,-1.2289178
16.378965,33.124578,10,2016,-1.2288966
14.521478,30.487965,10,2013,-1.2221365
13.6333,25.3667,10,2016,-1.219233
12.67,23.45,2,2020,-1.2192115
12.82,33.64,4,2017,-1.2178115
12.589745,30.147896,3,2015,-1.2173442
16.973957,29.939331,6,2015,-1.2164547
14.365478,30.784125,2,2015,-1.2037956
16.784125,29.365478,8,2017,-1.2020589
14.874563,31.478965,11,2019,-1.200023
12.98,24.12,11,2019,-1.1982503
16.478965,29.874521,5,2017,-1.1953919
15.321478,31.874563,9,2016,-1.1920221
16.874563,29.365478,9,2015,-1.1907393
18.954785,28.338918,12,2015,-1.1887743
10.9333,30.45,6,2019,-1.1864841
13.695056,30.098321,1,2016,-1.185653
11.007893,29.715408,3,2020,-1.1836294
12.689457,30.147852,11,2013,-1.1831108
12.589745,30.147896,5,2015,-1.1816915
14.22403,33.607028,2,2018,-1.181422
16.478965,29.874521,4,2016,-1.1814053
12.234567,25.456789,9,2016,-1.1788926
14.965478,30.784125,8,2019,-1.1766057
13.789012,25.432109,10,2015,-1.1748171
14.874563,31.478965,2,2021,-1.169983
14.2,32.37,8,2014,-1.1699564
10.9333,30.45,5,2019,-1.1692291
11.46,26.13,1,2013,-1.1679722
17.878412,30.478965,10,2017,-1.1642085
14.521478,30.487965,8,2012,-1.1641078
16.973957,29.939331,5,2016,-1.1584413
17.878412,30.478965,3,2016,-1.1558459
14.123456,27.987654,4,2014,-1.1542407
14.874563,31.478965,9,2020,-1.1520705
11.48,26.14,8,2015,-1.1388181
14.965478,30.784125,11,2018,-1.1346803
13.789012,25.432109,12,2014,-1.1346196
15.698745,29.874563,12,2017,-1.1331133
13.551155,27.754439,9,2016,-1.1306064
15.689412,32.987654,2,2017,-1.1213646
16.874563,29.365478,8,2016,-1.1145979
16.784125,29.365478,7,2016,-1.1145011
17.878412,30.478965,10,2016,-1.110601
13.546721,30.125389,2,2016,-1.1103463
14.521478,30.487965,9,2013,-1.1066533
14.123456,27.987654,2,2014,-1.1059996
11.46,26.13,10,2013,-1.1046393
14.22403,33.607028,4,2018,-1.1032665
13.695056,30.098321,8,2015,-1.1017165
10.924614,30.125607,8,2015,-1.1009912
12.589745,30.147896,4,2015,-1.1009167
13.546721,30.125389,6,2016,-1.1005557
12.234567,25.456789,1,2016,-1.0975401
12.784125,30.478965,8,2014,-1.0909638
14.587364,22.66106,1,2016,-1.0909432
12.82,33.64,3,2018,-1.0907987
14.521478,30.487965,7,2012,-1.0896549
18.954785,28.338918,4,2015,-1.0832572
12.784125,30.478965,5,2015,-1.0831702
13.95,22.45,9,2019,-1.0783416
16.378965,33.124578,9,2016,-1.0782588
16.478965,29.874521,4,2017,-1.0777978
12.478965,32.214789,2,2012,-1.0777309
18.954785,28.338918,11,2015,-1.0752721
17.878412,30.478965,2,2016,-1.0747037
16.973957,29.939331,4,2016,-1.0689771
18.954785,28.338918,12,2016,-1.0683678
16.478965,29.874521,3,2016,-1.0674092
15.321478,31.874563,8,2017,-1.0666184
15.321478,31.874563,8,2016,-1.0653499
16.874563,29.365478,8,2015,-1.0598278
15.689412,32.987654,2,2016,-1.0587152
14.123456,27.987654,4,2013,-1.0563351
16.784125,29.365478,7,2017,-1.0555369
13.695056,30.098321,7,2016,-1.0537051
13.478965,31.254789,10,2016,-1.0472625
12.784125,30.478965,3,2015,-1.0454782
13.12,30.55,2,2020,-1.0377332
17.878412,30.478965,9,2017,-1.0368387
14.521478,30.487965,6,2012,-1.0358862
12.82,33.64,5,2018,-1.0294764
13.567891,26.345678,9,2017,-1.0277185
14.874563,31.478965,5,2021,-1.0253243
12.689457,30.147852,11,2012,-1.0169876
12.45,23.9,10,2020,-1.0161954
14.784125,30.548963,10,2015,-1.0125648
12.784125,30.478965,4,2015,-1.0101835
13.14,30.57,2,2020,-1.0078185
14.521478,30.487965,8,2013,-1.0068156
13.478965,31.254789,8,2017,-1.0030203
15.75,32.45,11,2018,-1.0010896
14.123456,27.987654,3,2014,-1.0007943
16.784125,29.365478,6,2016,-0.9994497
13.16,30.59,9,2021,-0.99898577
13.6333,22.4333,7,2017,-0.9986794
16.378965,33.124578,11,2015,-0.99685353
16.874563,29.365478,7,2016,-0.9951404
14.22403,33.607028,3,2018,-0.9948832
14.521478,30.487965,5,2012,-0.99254495
11.48,26.14,3,2015,-0.98935366
15.698745,29.874563,12,2016,-0.9885161
15.321478,31.874563,7,2016,-0.98676765
14.874563,31.478965,3,2021,-0.98575056
16.478965,29.874521,1,2016,-0.98466134
13.551155,27.754439,1,2016,-0.9831878
13.551155,27.754439,10,2015,-0.9819195
14.123456,27.987654,2,2013,-0.9794695
12.901234,25.123456,1,2020,-0.97700506
12.123456,25.987654,10,2015,-0.9762185
11.94,23.05,8,2014,-0.9761615
12.123456,25.345678,11,2016,-0.976143
17.878412,30.478965,9,2016,-0.9724264
16.973957,29.939331,3,2016,-0.971644
18.954785,28.338918,10,2015,-0.9675312
16.478965,29.874521,1,2017,-0.9633551
16.478965,29.874521,2,2016,-0.95908684
16.478965,29.874521,3,2017,-0.95608467
14.874563,31.478965,4,2021,-0.955528
15.75,32.45,12,2017,-0.9450302
18.954785,28.338918,11,2016,-0.9430258
11.987456,24.567891,12,2014,-0.941683
16.378965,33.124578,8,2016,-0.94034064
14.784125,30.548963,12,2016,-0.9384636
14.965478,30.784125,7,2019,-0.9374787
13.546721,30.125389,5,2016,-0.93592685
11.46,26.13,10,2012,-0.9353579
16.874563,29.365478,7,2015,-0.935171
15.698745,29.874563,11,2017,-0.93133676
16.784125,29.365478,6,2017,-0.9246882
14.521478,30.487965,7,2013,-0.92279595
17.878412,30.478965,8,2017,-0.9175993
16.896561,23.587136,12,2015,-0.9175338
17.62787,23.737268,7,2011,-0.91317195
14.521478,30.487965,4,2012,-0.90785074
13.789012,25.432109,9,2015,-0.90781176
12.82,33.64,4,2018,-0.90722084
16.874563,29.365478,6,2016,-0.9056259
16.784125,29.365478,5,2016,-0.90353453
15.321478,31.874563,7,2017,-0.9019813
12.234567,25.456789,2,2016,-0.9008663
16.874563,29.365478,5,2015,-0.89283645
17.878412,30.478965,8,2016,-0.89088774
13.551155,27.754439,8,2016,-0.8887663
14.965478,30.784125,10,2018,-0.880898
13.695056,30.098321,7,2015,-0.87917525
16.378965,33.124578,8,2017,-0.8787498
16.478965,29.874521,2,2017,-0.87736154
12.55,23.75,9,2017,-0.8764885
11.48,26.14,9,2014,-0.8749496
16.874563,29.365478,6,2015,-0.8748582
13.5,22.45,12,2012,-0.87439865
12.689457,30.147852,10,2013,-0.8742624
12.82,33.64,7,2017,-0.8688137
12.7833,22.2833,9,2017,-0.8680902
14.521478,30.487965,2,2012,-0.86660266
14.965478,30.784125,1,2019,-0.8651025
14.874563,31.478965,8,2020,-0.8630504
11.48,26.14,7,2015,-0.85859567
13.695056,30.098321,6,2016,-0.8567869
18.954785,28.338918,9,2015,-0.85612535
14.521478,30.487965,6,2013,-0.8556731
14.874563,31.478965,10,2019,-0.85216093
16.874563,29.365478,5,2016,-0.85113436
16.896561,23.587136,12,2016,-0.8484757
17.878412,30.478965,7,2016,-0.8480189
13.546721,30.125389,4,2016,-0.8474204
13.789012,25.432109,11,2014,-0.84713846
13.546721,30.125389,3,2016,-0.84590983
12.901234,25.123456,12,2019,-0.84457976
13.478965,31.254789,1,2017,-0.8443416
12.789012,25.901234,10,2017,-0.8391454
14.123456,27.987654,3,2013,-0.8390109
16.973957,29.939331,3,2017,-0.8387263
13.695056,30.098321,2,2016,-0.83330154
16.973957,29.939331,2,2016,-0.8302311
18.954785,28.338918,10,2016,-0.82917386
18.954785,28.338918,3,2015,-0.82474804
14.521478,30.487965,3,2012,-0.8217806
16.378965,33.124578,7,2016,-0.81439626
13.567891,26.345678,8,2017,-0.81355053
12.76,33.58,4,2017,-0.8129938
12.234567,25.456789,8,2016,-0.8114001
11.46,26.13,5,2012,-0.8104918
16.784125,29.365478,5,2017,-0.81015265
16.973957,29.939331,1,2016,-0.8072341
12.234567,25.456789,10,2015,-0.8071885
14.521478,30.487965,5,2013,-0.80485904
15.698745,29.874563,11,2016,-0.80330133
16.874563,29.365478,4,2015,-0.8032622
17.878412,30.478965,7,2017,-0.8003502
11.46,26.13,2,2013,-0.80009985
11.48,26.14,4,2015,-0.7987438
14.784125,30.548963,11,2015,-0.7958837
15.75,32.45,12,2016,-0.79587126
18.954785,28.338918,8,2015,-0.7866474
16.874563,29.365478,4,2016,-0.78177744
13.6333,22.4333,6,2017,-0.7798058
15.75,32.45,10,2018,-0.77964854
15.321478,31.874563,1,2018,-0.77636135
13.45,25.67,9,2014,-0.7759349
16.478965,29.874521,7,2015,-0.7706631
18.954785,28.338918,7,2015,-0.7698053
14.73,33.3,3,2017,-0.7687064
14.521478,30.487965,1,2013,-0.76804626
14.521478,30.487965,4,2013,-0.7618551
15.321478,31.874563,6,2017,-0.75486916
11.987456,24.567891,11,2015,-0.7545985
14.587364,22.66106,12,2015,-0.75378776
16.973957,29.939331,1,2017,-0.7536752
15.698745,29.874563,10,2017,-0.7465058
16.378965,33.124578,7,2017,-0.7429986
13.551155,27.754439,2,2016,-0.74096787
14.587364,22.66106,7,2014,-0.73924404
16.874563,29.365478,1,2017,-0.73763657
15.75,32.45,11,2017,-0.7355808
13.5,22.45,12,2011,-0.7277425
18.954785,28.338918,9,2016,-0.72671723
13.478965,31.254789,9,2016,-0.72395915
13.551155,27.754439,9,2015,-0.7229992
12.698745,30.874563,9,2017,-0.7221528
16.973957,29.939331,2,2017,-0.7210876
12.689457,30.147852,10,2012,-0.71609586
16.784125,29.365478,4,2017,-0.709128
16.784125,29.365478,4,2016,-0.70867693
11.48,26.14,6,2015,-0.70665586
16.378965,33.124578,6,2016,-0.7035564
17.878412,30.478965,6,2017,-0.70321256
13.789012,25.432109,1,2015,-0.7013278
15.321478,31.874563,5,2018,-0.7003916
16.896561,23.587136,10,2017,-0.70035917
17.878412,30.478965,6,2016,-0.6992587
14.521478,30.487965,3,2013,-0.6992137
11.94,23.05,2,2014,-0.6977924
14.965478,30.784125,6,2019,-0.6970277
13.695056,30.098321,5,2016,-0.695465
14.784125,30.548963,11,2016,-0.69454616
16.896561,23.587136,11,2016,-0.6933545
12.82,33.64,5,2017,-0.6923838
13.551155,27.754439,7,2016,-0.6887981
11.94,23.05,1,2014,-0.68526477
16.784125,29.365478,2,2016,-0.68472356
14.521478,30.487965,2,2013,-0.6838286
13.789012,25.432109,8,2015,-0.6773665
14.521478,30.487965,1,2014,-0.67522144
13.567891,26.345678,7,2017,-0.67320096
11.48,26.14,5,2015,-0.6708952
13.12,23.78,2,2019,-0.6629084
13.16,30.59,3,2020,-0.6573112
17.878412,30.478965,5,2017,-0.6566426
14.965478,30.784125,9,2018,-0.65292686
13.478965,31.254789,7,2017,-0.6515721
16.784125,29.365478,1,2018,-0.6510851
11.94,23.05,7,2014,-0.6453043
13.546721,30.125389,10,2015,-0.6393351
12.678901,25.890123,7,2020,-0.637847
18.954785,28.338918,8,2016,-0.6361171
13.695056,30.098321,6,2015,-0.6356529
15.698745,29.874563,10,2016,-0.63385886
16.378965,33.124578,6,2017,-0.6259459
17.878412,30.478965,4,2017,-0.62568676
11.46,26.13,9,2013,-0.62447584
15.321478,31.874563,5,2017,-0.617811
14.874563,31.478965,7,2020,-0.6153878
16.378965,33.124578,5,2016,-0.6146269
16.874563,29.365478,3,2016,-0.6098319
16.784125,29.365478,1,2017,-0.6047847
16.784125,29.365478,3,2017,-0.6042856
13.5,22.45,11,2012,-0.60354173
13.695056,30.098321,4,2016,-0.59967333
13.16,30.59,8,2021,-0.59961426
13.567891,26.345678,6,2017,-0.59861505
12.890123,25.012345,3,2019,-0.59602493
12.689457,30.147852,9,2013,-0.5958537
15.321478,31.874563,1,2017,-0.5941496
13.789012,25.432109,10,2014,-0.5910142
18.954785,28.338918,6,2015,-0.5885565
12.89,23.45,12,2014,-0.5878002
13.695056,30.098321,3,2016,-0.58306146
16.874563,29.365478,1,2016,-0.5821817
12.56789,26.789012,4,2014,-0.5818879
15.698745,29.874563,9,2017,-0.57912
12.82,33.64,6,2017,-0.5784209
13.567891,26.345678,4,2017,-0.5719162
13.567891,26.345678,5,2017,-0.5716851
15.75,32.45,9,2018,-0.56696373
16.896561,23.587136,9,2017,-0.5662769
13.6333,22.4333,5,2017,-0.56514174
13.567891,26.345678,3,2017,-0.56492496
11.46,26.13,9,2012,-0.55683196
18.954785,28.338918,7,2016,-0.5566647
14.874563,31.478965,1,2020,-0.5562276
16.896561,23.587136,10,2016,-0.5554843
15.321478,31.874563,4,2018,-0.5536295
11.987456,24.567891,1,2016,-0.55271035
12.234567,25.456789,7,2016,-0.54854625
16.874563,29.365478,2,2017,-0.5448929
12.456789,24.876543,5,2019,-0.5418478
13.567891,26.345678,2,2017,-0.53972805
16.378965,33.124578,4,2016,-0.53934336
13.551155,27.754439,6,2016,-0.5376953
12.7833,22.2833,8,2017,-0.53660053
16.784125,29.365478,2,2017,-0.5330092
15.75,32.45,10,2017,-0.5323428
14.587364,22.66106,11,2015,-0.5317228
12.234567,25.456789,3,2016,-0.5312726
16.378965,33.124578,5,2017,-0.5306488
12.98,24.12,10,2019,-0.5270683
12.89,23.45,1,2015,-0.5264525
12.947362,29.87531,9,2015,-0.5168244
14.784125,30.548963,12,2015,-0.5148516
13.5,22.45,11,2011,-0.5120486
13.12,30.55,1,2022,-0.5101784
14.965478,30.784125,2,2019,-0.50203025
14.874563,31.478965,9,2019,-0.5009009
14.22403,33.607028,7,2017,-0.4999271
12.689457,30.147852,9,2012,-0.49759892
14.965478,30.784125,1,2018,-0.4974221
13.551155,27.754439,3,2016,-0.49212712
13.789012,25.432109,7,2015,-0.48550475
18.954785,28.338918,6,2016,-0.48526144
15.321478,31.874563,2,2018,-0.4825563
17.878412,30.478965,4,2016,-0.48251078
12.123456,25.345678,10,2016,-0.48105854
15.698745,29.874563,9,2016,-0.479995
15.321478,31.874563,4,2017,-0.4795659
13.789012,25.432109,2,2015,-0.47648776
17.878412,30.478965,3,2017,-0.47503236
13.551155,27.754439,8,2015,-0.47240213
14.965478,30.784125,5,2019,-0.46904758
14.784125,30.548963,10,2016,-0.46139106
13.5,22.45,1,2013,-0.4553466
16.784125,29.365478,3,2016,-0.4552585
12.75,24.1333,10,2017,-0.45306814
16.896561,23.587136,8,2017,-0.45036542
14.965478,30.784125,8,2018,-0.44483712
11.94,23.05,6,2014,-0.44394296
13.551155,27.754439,5,2016,-0.44115862
16.874563,29.365478,2,2016,-0.4380148
16.896561,23.587136,9,2016,-0.43469065
16.378965,33.124578,4,2017,-0.4337531
13.567891,26.345678,1,2017,-0.4328557
17.878412,30.478965,5,2016,-0.43230188
11.48,26.14,8,2014,-0.43185008
16.874563,29.365478,3,2015,-0.43032676
15.698745,29.874563,8,2017,-0.42971203
11.987456,24.567891,11,2014,-0.42913124
13.551155,27.754439,4,2016,-0.4286546
18.954785,28.338918,5,2016,-0.4256297
13.456789,25.234567,12,2015,-0.42442402
12.7667,31.1333,8,2016,-0.42303586
16.378965,33.124578,3,2016,-0.42287588
15.321478,31.874563,3,2018,-0.4214489
13.12,30.55,12,2021,-0.42027485
14.784125,30.548963,8,2017,-0.41946438
10.924614,30.125607,7,2015,-0.41930643
17.878412,30.478965,1,2018,-0.4160299
13.478965,31.254789,8,2016,-0.41228706
14.874563,31.478965,6,2020,-0.41135794
11.94,23.05,11,2013,-0.4004586
11.94,23.05,3,2014,-0.4000285
12.234567,25.456789,4,2016,-0.39867628
18.954785,28.338918,4,2016,-0.3928153
12.234567,25.456789,6,2016,-0.39043042
12.689457,30.147852,8,2012,-0.38977987
15.75,32.45,8,2018,-0.38049117
11.987456,24.567891,2,2016,-0.37286976
11.55,27.6,12,2017,-0.37281096
13.789012,25.432109,9,2014,-0.36896536
11.007893,29.715408,4,2020,-0.36865455
11.94,23.05,4,2014,-0.36773643
12.689457,30.147852,1,2014,-0.36521995
13.5,22.45,10,2012,-0.36507395
18.954785,28.338918,3,2016,-0.356547
15.321478,31.874563,6,2016,-0.3544687
16.896561,23.587136,7,2017,-0.3522349
12.234567,25.456789,9,2015,-0.3521199
12.689457,30.147852,8,2013,-0.3468266
15.698745,29.874563,1,2018,-0.3467604
13.6333,22.4333,4,2017,-0.34534982
15.698745,29.874563,8,2016,-0.34329653
14.587364,22.66106,10,2015,-0.34179834
15.321478,31.874563,2,2017,-0.34044468
13.789012,25.432109,6,2015,-0.33697638
15.75,32.45,9,2017,-0.33424056
11.94,23.05,5,2014,-0.33175746
12.901234,25.123456,11,2019,-0.33121136
16.896561,23.587136,8,2016,-0.3307537
12.234567,25.456789,5,2016,-0.3301217
15.321478,31.874563,3,2017,-0.3289607
12.15,24.95,12,2012,-0.32584357
12.689457,30.147852,7,2012,-0.31958324
14.784125,30.548963,9,2015,-0.31778467
13.12,30.55,3,2020,-0.3145919
18.954785,28.338918,5,2015,-0.31338966
13.478965,31.254789,6,2017,-0.3131334
12.784125,30.478965,7,2014,-0.31106812
14.874563,31.478965,2,2020,-0.30858758
14.965478,30.784125,4,2019,-0.30507046
17.878412,30.478965,1,2017,-0.30338076
13.695056,30.098321,5,2015,-0.30028006
13.567891,26.345678,12,2016,-0.29849204
15.698745,29.874563,7,2017,-0.29837832
16.896561,23.587136,1,2017,-0.29686627
12.45,23.9,9,2020,-0.29617006
13.16,30.59,7,2021,-0.28675035
12.7833,22.2833,7,2017,-0.28321412
11.987456,24.567891,10,2015,-0.27763432
14.965478,30.784125,3,2019,-0.27748075
11.46,26.13,8,2012,-0.27719536
16.896561,23.587136,6,2017,-0.27144688
14.741927,25.574201,3,2015,-0.270686
16.378965,33.124578,2,2016,-0.27028432
16.378965,33.124578,3,2017,-0.26986378
13.789012,25.432109,3,2015,-0.26950917
14.874563,31.478965,5,2020,-0.25747523
11.46,26.13,3,2013,-0.25707254
11.46,26.13,8,2013,-0.2524354
14.784125,30.548963,7,2017,-0.24717651
14.784125,30.548963,9,2016,-0.24713069
13.478965,31.254789,2,2017,-0.24697971
16.896561,23.587136,7,2016,-0.2433239
13.5,22.45,2,2013,-0.24128988
13.789012,25.432109,5,2015,-0.23872316
15.75,32.45,7,2018,-0.23805532
14.965478,30.784125,7,2018,-0.23768474
13.5,22.45,10,2011,-0.2369788
16.378965,33.124578,1,2017,-0.23589373
11.55,27.6,8,2018,-0.23315604
15.698745,29.874563,7,2016,-0.22883241
11.46,26.13,6,2012,-0.22350773
17.878412,30.478965,2,2017,-0.22215809
18.954785,28.338918,2,2016,-0.21448717
13.789012,25.432109,4,2015,-0.21402767
16.896561,23.587136,5,2017,-0.20628653
13.551155,27.754439,7,2015,-0.20075409
14.965478,30.784125,11,2017,-0.19661596
13.456789,25.234567,1,2016,-0.1914193
16.896561,23.587136,2,2017,-0.19141245
12.123456,25.345678,1,2016,-0.19032395
14.587364,22.66106,9,2015,-0.18611147
16.378965,33.124578,1,2016,-0.18496688
15.698745,29.874563,6,2017,-0.18342188
13.789012,25.432109,8,2014,-0.18035
12.89,23.45,11,2014,-0.17859124
14.587364,22.66106,1,2015,-0.17606975
11.46,26.13,7,2012,-0.1760101
13.5,22.45,1,2012,-0.1737456
16.896561,23.587136,6,2016,-0.17221002
14.874563,31.478965,4,2020,-0.16585949
14.587364,22.66106,2,2015,-0.16142869
16.896561,23.587136,4,2017,-0.16065055
13.5,22.45,9,2012,-0.1595161
14.874563,31.478965,3,2020,-0.1594573
15.75,32.45,8,2017,-0.15612914
12.123456,25.987654,9,2015,-0.15321693
15.698745,29.874563,6,2016,-0.1432203
13.456789,25.234567,11,2015,-0.13762107
16.896561,23.587136,3,2017,-0.12977777
15.698745,29.874563,1,2017,-0.12884095
15.75,32.45,6,2018,-0.12753426
18.954785,28.338918,1,2016,-0.12561981
12.34,24.56,11,2018,-0.12555717
16.896561,23.587136,11,2015,-0.11721898
16.378965,33.124578,2,2017,-0.11698395
16.896561,23.587136,5,2016,-0.113903366
14.587364,22.66106,12,2014,-0.11361612
12.689457,30.147852,7,2013,-0.110500716
13.6333,22.4333,3,2017,-0.10875893
13.478965,31.254789,7,2016,-0.107603356
13.456789,25.234567,2,2016,-0.1045232
12.123456,25.345678,9,2016,-0.10319824
12.689457,30.147852,6,2012,-0.09534408
16.896561,23.587136,2,2016,-0.09446549
12.789012,25.901234,9,2017,-0.0918902
14.874563,31.478965,8,2019,-0.08966752
12.345678,24.876543,12,2013,-0.08864708
14.587364,22.66106,3,2015,-0.08340061
15.698745,29.874563,5,2017,-0.0779682
12.7833,22.2833,6,2017,-0.07431012
16.896561,23.587136,4,2016,-0.07399261
18.954785,28.338918,2,2017,-0.07282633
12.689457,30.147852,1,2013,-0.07281221
14.587364,22.66106,8,2015,-0.06712066
14.784125,30.548963,6,2017,-0.066531025
14.365478,30.784125,5,2014,-0.065875754
14.784125,30.548963,8,2016,-0.06497033
16.896561,23.587136,1,2016,-0.063163616
13.45,22.45,12,2017,-0.057510737
15.698745,29.874563,5,2016,-0.05652697
11.48,26.14,7,2014,-0.05644335
13.16,30.59,4,2020,-0.055756394
13.456789,25.234567,12,2014,-0.051705457
13.01,22.67,2,2020,-0.049980514
13.16,30.59,6,2021,-0.048487596
12.678901,25.890123,6,2020,-0.045493342
14.784125,30.548963,1,2017,-0.040141705
13.12,30.55,11,2021,-0.0354265
17.629421,24.409295,4,2015,-0.026609845
16.896561,23.587136,3,2016,-0.022231132
15.75,32.45,7,2017,-0.02113948
13.789012,25.432109,7,2014,-0.019880876
18.954785,28.338918,1,2017,-0.018173195
12.98,24.12,9,2019,-0.01779405
13.478965,31.254789,5,2017,-0.009799913
14.587364,22.66106,4,2015,-0.009477265
14.965478,30.784125,6,2018,-0.008469388
13.5,22.45,3,2013,-0.004608378
11.46,26.13,4,2013,0.004853278
12.345678,24.876543,12,2012,0.004957161
17.62787,23.737268,12,2011,0.006844215
14.73,33.3,2,2017,0.009963043
11.46,26.13,7,2013,0.010666259
14.587364,22.66106,7,2015,0.012178727
15.75,32.45,5,2018,0.01280275
11.987456,24.567891,1,2015,0.013408937
13.5,22.45,8,2012,0.013664648
11.987456,24.567891,10,2014,0.01366736
12.456789,24.876543,4,2019,0.017499402
15.698745,29.874563,4,2017,0.021699458
13.5,22.45,6,2013,0.022519551
13.6333,25.3667,9,2016,0.029136501
13.14,30.57,3,2020,0.034436904
14.587364,22.66106,5,2015,0.040372185
13.456789,25.234567,3,2016,0.04091259
12.55,23.75,8,2017,0.043036945
12.234567,25.456789,8,2015,0.045098238
14.587364,22.66106,6,2015,0.048362188
12.15,24.95,11,2012,0.06117683
14.123456,27.987654,10,2012,0.06148634
15.698745,29.874563,4,2016,0.06470249
13.16,30.59,12,2020,0.07049493
12.89,23.45,12,2013,0.07216037
15.698745,29.874563,2,2017,0.073131435
15.75,32.45,6,2017,0.073321514
12.7833,22.2833,5,2017,0.07621587
13.5,22.45,4,2013,0.076478444
14.784125,30.548963,7,2016,0.07915861
13.567891,26.345678,11,2016,0.07950338
12.901234,25.123456,10,2019,0.08098788
13.5,22.45,5,2013,0.08913099
14.965478,30.784125,2,2018,0.08920462
13.5,22.45,2,2012,0.08976086
12.890123,25.012345,2,2019,0.09000716
10.924614,30.125607,4,2015,0.10267583
13.456789,25.234567,4,2016,0.106530555
11.987456,24.567891,9,2015,0.10679669
13.456789,25.234567,6,2016,0.106863044
10.924614,30.125607,6,2015,0.11054968
13.456789,25.234567,10,2015,0.11058306
15.698745,29.874563,3,2017,0.11801154
13.16,30.59,5,2021,0.1233766
13.551155,27.754439,6,2015,0.1278532
17.62787,23.737268,11,2011,0.13700691
13.456789,25.234567,5,2016,0.13724907
12.689457,30.147852,6,2013,0.14061776
13.789012,25.432109,6,2014,0.14626893
11.46,26.13,6,2013,0.14991246
13.6333,22.4333,2,2017,0.1513052
14.784125,30.548963,5,2017,0.15278229
13.5,22.45,7,2012,0.15683451
13.478965,31.254789,3,2017,0.16737881
11.46,26.13,5,2013,0.16778994
12.89,23.45,10,2014,0.16986749
12.123456,25.345678,8,2016,0.17181346
17.62787,23.737268,8,2011,0.17978519
13.478965,31.254789,4,2017,0.18299007
15.75,32.45,5,2017,0.18728873
13.478965,31.254789,6,2016,0.1894756
13.695056,30.098321,4,2015,0.2031526
14.784125,30.548963,6,2016,0.20383826
14.874563,31.478965,7,2019,0.20808697
15.75,32.45,1,2018,0.21304277
14.587364,22.66106,11,2014,0.22130004
13.456789,25.234567,11,2014,0.2240577
12.75,24.1333,9,2017,0.231264
13.16,30.59,4,2021,0.23463026
12.345678,24.876543,11,2013,0.24048877
14.965478,30.784125,5,2018,0.24656674
15.75,32.45,4,2018,0.2529959
12.7833,22.2833,4,2017,0.25510243
11.48,26.14,6,2014,0.25906232
11.987456,24.567891,2,2015,0.26068553
12.15,24.95,12,2011,0.26210982
13.5,22.45,6,2012,0.26871234
12.45,23.9,8,2020,0.27058697
13.16,30.59,1,2021,0.27351987
12.123456,25.345678,12,2015,0.27634773
13.5,22.45,9,2011,0.276744
12.123456,25.345678,3,2016,0.28406575
13.16,30.59,2,2021,0.28902525
13.12,30.55,10,2021,0.29061136
13.16,30.59,3,2021,0.29091644
13.478965,31.254789,3,2016,0.2937991
13.12,23.78,1,2019,0.29759076
17.62787,23.737268,6,2011,0.29829112
12.345678,24.876543,11,2012,0.30681282
12.123456,25.345678,2,2016,0.3174061
17.62787,23.737268,12,2012,0.31968355
12.7833,22.2833,3,2017,0.32020727
13.456789,25.234567,9,2015,0.32038864
13.5,22.45,3,2012,0.32717255
13.456789,25.234567,1,2015,0.33235964
13.789012,25.432109,5,2014,0.33246782
15.75,32.45,1,2017,0.34502473
12.123456,25.345678,7,2016,0.35051852
13.5,22.45,5,2012,0.3506013
14.784125,30.548963,5,2016,0.35845387
12.98,24.12,8,2019,0.3655017
13.5,22.45,4,2012,0.37012565
12.345678,24.876543,1,2014,0.38688505
12.012345,25.234567,12,2015,0.38967767
14.741927,25.574201,2,2017,0.39131656
14.741927,25.574201,1,2017,0.39160526
11.48,26.14,12,2013,0.3936564
13.16,30.59,11,2020,0.3945071
14.784125,30.548963,4,2017,0.39476904
13.16,30.59,5,2020,0.39721945
12.15,24.95,10,2012,0.3980501
15.75,32.45,4,2017,0.40016934
11.987456,24.567891,9,2014,0.4002561
12.234567,25.456789,7,2015,0.40269
13.12,30.55,4,2020,0.4031968
12.89,23.45,11,2013,0.40332657
11.987456,24.567891,8,2015,0.40742677
12.901234,25.123456,9,2019,0.41061723
13.567891,26.345678,10,2016,0.4128483
17.62787,23.737268,11,2012,0.41635668
14.784125,30.548963,2,2017,0.417625
12.89,23.45,1,2014,0.41882408
13.478965,31.254789,5,2016,0.42066664
13.14,30.57,1,2022,0.4314655
12.689457,30.147852,5,2013,0.43413043
12.7667,31.1333,7,2016,0.43515027
12.456789,24.876543,3,2019,0.43794066
11.55,27.6,7,2018,0.44310844
12.678901,25.890123,5,2020,0.4441206
12.15,24.95,1,2013,0.44618487
12.123456,25.345678,6,2016,0.45350862
12.123456,25.345678,4,2016,0.45424497
13.6333,22.4333,1,2017,0.45426822
12.89,23.45,9,2014,0.4575203
14.965478,30.784125,4,2018,0.457937
12.123456,25.345678,5,2016,0.46139133
15.698745,29.874563,2,2016,0.46942288
11.94,23.05,10,2013,0.47006202
14.741927,25.574201,12,2016,0.47291225
12.98,24.12,12,2018,0.47634888
14.965478,30.784125,3,2018,0.48567343
13.456789,25.234567,2,2015,0.48785073
13.456789,25.234567,8,2015,0.49160886
17.62787,23.737268,10,2012,0.495609
13.456789,25.234567,10,2014,0.5146608
12.345678,24.876543,10,2013,0.5214499
12.789012,25.901234,8,2017,0.5302229
11.48,26.14,5,2014,0.542058
14.784125,30.548963,1,2016,0.5596049
12.15,24.95,9,2013,0.5642168
13.478965,31.254789,4,2016,0.5645771
13.12,30.55,9,2021,0.5648223
15.698745,29.874563,3,2016,0.56718487
15.75,32.45,3,2018,0.5698941
14.784125,30.548963,3,2017,0.5704028
17.62787,23.737268,9,2012,0.5722099
12.345678,24.876543,1,2013,0.5726805
12.689457,30.147852,5,2012,0.57549727
12.345678,24.876543,2,2014,0.578029
12.345678,24.876543,10,2012,0.57931036
12.689457,30.147852,2,2013,0.5806697
14.784125,30.548963,4,2016,0.58406836
12.89,23.45,2,2014,0.5968916
11.007893,29.715408,5,2020,0.6044993
13.456789,25.234567,7,2015,0.62403953
13.14,30.57,12,2021,0.6290538
11.987456,24.567891,7,2015,0.62976944
15.75,32.45,2,2018,0.63453525
13.551155,27.754439,5,2015,0.6369289
13.16,30.59,10,2020,0.6414195
11.67,22.34,8,2014,0.6449302
12.98,24.12,7,2019,0.64605576
11.987456,24.567891,3,2015,0.6525276
17.62787,23.737268,8,2012,0.65288347
12.901234,25.123456,8,2019,0.6704432
13.456789,25.234567,3,2015,0.67740273
12.89,23.45,8,2014,0.6845481
17.62787,23.737268,5,2012,0.6849833
12.15,24.95,9,2012,0.6859988
12.890123,25.012345,1,2019,0.6861358
12.89,23.45,10,2013,0.6864246
14.874563,31.478965,6,2019,0.69844055
14.741927,25.574201,11,2016,0.6985329
14.587364,22.66106,10,2014,0.6989928
13.16,30.59,6,2020,0.6998739
15.75,32.45,3,2017,0.7001133
12.901234,25.123456,12,2018,0.7006292
13.567891,26.345678,9,2016,0.7036396
17.62787,23.737268,4,2012,0.7127206
17.62787,23.737268,7,2012,0.7129642
13.456789,25.234567,6,2015,0.71356666
17.62787,23.737268,6,2012,0.71584785
12.31,23.47,12,2013,0.7179953
12.234567,25.456789,6,2015,0.71835375
17.62787,23.737268,1,2012,0.7200706
12.689457,30.147852,4,2013,0.72360283
12.012345,25.234567,1,2016,0.7258395
14.741927,25.574201,4,2015,0.73004025
12.45,23.9,7,2020,0.7326183
15.75,32.45,2,2017,0.736718
13.789012,25.432109,4,2014,0.7401353
13.456789,25.234567,4,2015,0.74182105
11.987456,24.567891,8,2014,0.74628717
12.123456,25.987654,8,2015,0.7478405
12.75,24.1333,8,2017,0.751783
11.48,26.14,4,2014,0.7518762
12.345678,24.876543,9,2013,0.7559201
13.456789,25.234567,5,2015,0.75975835
11.987456,24.567891,6,2015,0.76983494
11.987456,24.567891,4,2015,0.7730325
12.456789,24.876543,2,2019,0.7783764
17.62787,23.737268,10,2011,0.7834795
12.55,23.75,7,2017,0.7916482
13.12,30.55,8,2021,0.7920497
12.345678,24.876543,2,2013,0.7963326
13.6333,22.4333,12,2016,0.7977395
12.012345,25.234567,2,2016,0.80066323
12.012345,25.234567,12,2014,0.80630434
13.16,30.59,9,2020,0.8079007
12.15,24.95,2,2013,0.8100148
18.41113,22.378945,2,2019,0.81173015
10.924614,30.125607,5,2015,0.8257503
12.89,23.45,3,2014,0.82810014
17.62787,23.737268,1,2013,0.8316421
11.987456,24.567891,5,2015,0.832184
12.012345,25.234567,11,2015,0.8358718
12.98,24.12,1,2019,0.8365135
12.98,24.12,6,2019,0.8383441
18.41113,22.378945,3,2019,0.83972204
12.15,24.95,8,2013,0.8464856
12.89,23.45,7,2014,0.8508176
13.16,30.59,7,2020,0.8554422
14.784125,30.548963,3,2016,0.8570372
12.678901,25.890123,4,2020,0.86362505
13.12,30.55,12,2020,0.8659078
11.55,27.6,6,2018,0.86712563
12.901234,25.123456,7,2019,0.86912113
13.456789,25.234567,9,2014,0.8702144
17.62787,23.737268,3,2012,0.8725615
12.98,24.12,2,2019,0.8793076
12.345678,24.876543,9,2012,0.881327
12.15,24.95,1,2012,0.8825503
13.16,30.59,8,2020,0.8845308
14.587364,22.66106,8,2014,0.89775896
14.741927,25.574201,10,2016,0.898423
12.98,24.12,11,2018,0.9045193
12.689457,30.147852,3,2013,0.9051416
13.12,30.55,5,2020,0.90591943
14.784125,30.548963,2,2016,0.9094176
17.62787,23.737268,3,2013,0.91984844
12.89,23.45,9,2013,0.92246735
12.15,24.95,8,2012,0.9270412
12.89,23.45,4,2014,0.9389336
12.345678,24.876543,8,2013,0.9444207
11.87,22.89,1,2016,0.94548583
17.62787,23.737268,2,2012,0.94778204
13.5,22.45,8,2011,0.9494269
12.89,23.45,6,2014,0.9522542
17.62787,23.737268,2,2013,0.9536742
12.98,24.12,5,2019,0.95445144
12.31,23.47,12,2012,0.96072805
13.567891,26.345678,8,2016,0.9659054
12.123456,25.987654,7,2015,0.967976
13.12,30.55,7,2021,0.97527814
12.234567,25.456789,2,2015,0.97915435
12.98,24.12,3,2019,0.9868072
12.89,23.45,5,2014,0.98764324
12.012345,25.234567,5,2014,0.9900769
12.56789,26.789012,12,2015,0.99083245
12.98,24.12,4,2019,0.9950243
13.789012,25.432109,3,2014,1.0054607
12.901234,25.123456,6,2019,1.0120931
12.901234,25.123456,11,2018,1.0163903
12.901234,25.123456,1,2019,1.0186435
14.741927,25.574201,12,2015,1.021756
12.456789,24.876543,1,2019,1.0304974
11.55,27.6,2,2018,1.0395154
11.48,26.14,2,2014,1.0435143
12.789012,25.901234,7,2017,1.0470914
13.14,30.57,11,2021,1.0554454
18.41113,22.378945,1,2019,1.0562894
11.48,26.14,3,2014,1.0604657
12.901234,25.123456,2,2019,1.0614494
12.15,24.95,2,2012,1.0640931
11.987456,24.567891,7,2014,1.0660383
12.15,24.95,7,2013,1.070456
14.741927,25.574201,9,2016,1.0728662
17.62787,23.737268,9,2011,1.0759037
12.345678,24.876543,3,2013,1.0835449
12.345678,24.876543,7,2013,1.0882897
12.34,24.56,10,2018,1.0950027
13.12,30.55,11,2020,1.098508
12.234567,25.456789,5,2015,1.1000156
12.901234,25.123456,5,2019,1.1035397
12.31,23.47,11,2013,1.1110258
18.41113,22.378945,4,2019,1.1114916
12.89,23.45,8,2013,1.1131665
13.12,30.55,6,2021,1.1157575
12.345678,24.876543,8,2012,1.1197281
11.55,27.6,1,2018,1.121811
12.890123,25.012345,12,2018,1.1220181
12.45,23.9,6,2020,1.1225289
11.55,27.6,5,2018,1.1240236
12.15,24.95,7,2012,1.1242377
13.14,30.57,4,2020,1.1253173
12.901234,25.123456,3,2019,1.1399721
12.901234,25.123456,4,2019,1.1420635
14.587364,22.66106,9,2014,1.142367
12.75,24.1333,7,2017,1.1429836
13.12,30.55,1,2021,1.1472448
12.012345,25.234567,11,2014,1.1651404
14.741927,25.574201,11,2015,1.1715783
12.31,23.47,1,2014,1.1737788
12.345678,24.876543,4,2013,1.179163
12.345678,24.876543,6,2013,1.1803195
14.741927,25.574201,1,2016,1.1810755
12.15,24.95,3,2013,1.1901319
12.012345,25.234567,10,2015,1.2001047
11.55,27.6,4,2018,1.2092303
13.12,30.55,5,2021,1.2133309
13.12,30.55,2,2021,1.2135332
13.6333,25.3667,8,2016,1.2221212
14.741927,25.574201,8,2016,1.223136
12.345678,24.876543,5,2013,1.2236985
13.567891,26.345678,7,2016,1.2267118
12.15,24.95,6,2013,1.2313253
13.6333,22.4333,11,2016,1.2357366
13.12,30.55,6,2020,1.2360845
12.98,24.12,10,2018,1.2408649
12.678901,25.890123,3,2020,1.2470926
13.551155,27.754439,4,2015,1.2523955
12.234567,25.456789,4,2015,1.2577428
12.89,23.45,7,2013,1.2624487
13.12,30.55,4,2021,1.2650976
13.12,30.55,3,2021,1.2723147
12.15,24.95,6,2012,1.2748512
12.901234,25.123456,10,2018,1.2760038
13.695056,30.098321,3,2015,1.2775985
13.12,30.55,10,2020,1.2790103
12.31,23.47,11,2012,1.2862477
11.55,27.6,3,2018,1.2868277
14.741927,25.574201,10,2015,1.3017378
12.15,24.95,4,2013,1.3082049
12.012345,25.234567,1,2015,1.320529
14.741927,25.574201,2,2016,1.3221335
11.94,23.05,9,2013,1.3243908
12.15,24.95,5,2013,1.3253447
12.456789,24.876543,12,2018,1.3317384
14.741927,25.574201,7,2016,1.3498244
12.15,24.95,3,2012,1.3582448
18.41113,22.378945,5,2019,1.3649389
13.12,23.78,12,2018,1.3684791
12.89,23.45,6,2013,1.3749003
12.15,24.95,5,2012,1.381404
12.012345,25.234567,4,2014,1.3818048
12.31,23.47,2,2014,1.3883677
13.456789,25.234567,8,2014,1.3917705
14.965478,30.784125,9,2017,1.394692
12.15,24.95,4,2012,1.4000328
13.12,30.55,9,2020,1.4003724
11.987456,24.567891,6,2014,1.4013867
13.12,30.55,7,2020,1.404388
12.345678,24.876543,6,2012,1.4132448
13.14,30.57,10,2021,1.4163436
12.56789,26.789012,1,2016,1.4175959
12.55,23.75,6,2017,1.4302866
12.75,24.1333,6,2017,1.433726
12.31,23.47,10,2013,1.4393424
17.629421,24.409295,8,2015,1.4457877
12.789012,25.901234,11,2016,1.448077
14.741927,25.574201,6,2016,1.4491171
13.12,30.55,8,2020,1.449355
18.41113,22.378945,2,2018,1.4509912
12.15,24.95,11,2011,1.4605737
14.741927,25.574201,3,2016,1.4610685
12.012345,25.234567,10,2014,1.4625205
12.45,23.9,5,2020,1.4643596
12.89,23.45,5,2013,1.4692872
12.901234,25.123456,9,2018,1.4788734
12.789012,25.901234,6,2017,1.4798486
11.007893,29.715408,6,2020,1.4812678
14.741927,25.574201,9,2015,1.488972
12.56789,26.789012,11,2015,1.4904109
12.012345,25.234567,9,2015,1.4906245
12.98,24.12,9,2018,1.4967288
18.41113,22.378945,6,2019,1.4970504
12.689457,30.147852,2,2012,1.5002885
14.965478,30.784125,10,2017,1.5109224
14.741927,25.574201,5,2016,1.5119025
12.012345,25.234567,2,2015,1.5123383
14.741927,25.574201,4,2016,1.5186137
17.629421,24.409295,9,2015,1.5325739
12.31,23.47,1,2013,1.5339462
13.567891,26.345678,6,2016,1.5373522
13.12,23.78,11,2018,1.5443032
18.41113,22.378945,3,2018,1.5478964
12.89,23.45,4,2013,1.5547853
12.56789,26.789012,12,2014,1.558756
12.31,23.47,10,2012,1.5608019
12.678901,25.890123,2,2020,1.5910807
17.629421,24.409295,1,2017,1.591129
18.41113,22.378945,1,2018,1.6090077
17.629421,24.409295,2,2017,1.6283151
12.75,24.1333,5,2017,1.6534832
13.12,23.78,10,2018,1.6635323
12.345678,24.876543,7,2012,1.6742865
12.012345,25.234567,9,2014,1.67832
12.56789,26.789012,2,2016,1.6874878
12.31,23.47,9,2013,1.7079002
12.89,23.45,3,2013,1.7108071
12.012345,25.234567,8,2015,1.7125292
13.6333,22.4333,10,2016,1.718828
13.14,30.57,9,2021,1.7206742
17.629421,24.409295,3,2017,1.729455
11.987456,24.567891,5,2014,1.7305614
17.629421,24.409295,12,2016,1.7566714
12.45,23.9,4,2020,1.7776068
12.012345,25.234567,3,2015,1.7926581
12.31,23.47,9,2012,1.795409
12.31,23.47,2,2013,1.7996644
14.741927,25.574201,8,2015,1.8018916
18.41113,22.378945,4,2018,1.8026835
11.48,26.14,1,2014,1.8054044
13.12,23.78,9,2018,1.8089828
12.75,24.1333,4,2017,1.8186128
17.629421,24.409295,2,2016,1.8251723
17.629421,24.409295,1,2016,1.8269154
11.67,22.34,9,2014,1.8299884
12.012345,25.234567,7,2014,1.8329868
12.890123,25.012345,11,2018,1.8333858
18.41113,22.378945,12,2018,1.8355386
17.629421,24.409295,11,2016,1.8486155
12.789012,25.901234,5,2017,1.8503661
12.012345,25.234567,7,2015,1.869532
12.012345,25.234567,8,2014,1.8760248
12.689457,30.147852,4,2012,1.8795204
12.89,23.45,2,2013,1.8865104
18.41113,22.378945,11,2018,1.894446
12.012345,25.234567,4,2015,1.9119935
12.31,23.47,8,2013,1.9209244
12.56789,26.789012,10,2015,1.921725
17.629421,24.409295,10,2016,1.9225619
18.41113,22.378945,10,2018,1.9260917
18.41113,22.378945,9,2018,1.9424582
13.567891,26.345678,5,2016,1.9510517
17.629421,24.409295,3,2016,1.9520161
12.012345,25.234567,6,2015,1.957542
13.14,30.57,5,2020,1.9630079
18.41113,22.378945,8,2018,1.9665976
12.75,24.1333,3,2017,1.9683397
13.14,30.57,8,2021,1.974689
17.629421,24.409295,9,2016,1.9747174
12.012345,25.234567,5,2015,1.9810388
18.41113,22.378945,5,2018,1.9817059
12.56789,26.789012,11,2014,1.985398
12.678901,25.890123,1,2020,1.9896345
12.55,23.75,5,2017,1.9967077
12.31,23.47,8,2012,2.0054617
18.41113,22.378945,8,2017,2.0056615
18.41113,22.378945,7,2018,2.0081651
12.34,24.56,9,2018,2.0082774
17.629421,24.409295,8,2016,2.0101762
12.012345,25.234567,6,2014,2.0217829
18.41113,22.378945,6,2018,2.0371566
17.629421,24.409295,7,2016,2.0429645
17.629421,24.409295,12,2015,2.0673597
17.629421,24.409295,4,2016,2.0684488
17.629421,24.409295,6,2016,2.0808685
12.45,23.9,3,2020,2.081596
12.31,23.47,7,2013,2.0820456
12.75,24.1333,2,2017,2.0847216
18.41113,22.378945,9,2017,2.0922403
17.629421,24.409295,10,2015,2.094693
12.31,23.47,3,2013,2.0974965
17.629421,24.409295,5,2016,2.1041188
12.789012,25.901234,4,2017,2.1753664
13.14,30.57,12,2020,2.1765425
13.456789,25.234567,7,2014,2.1770458
13.14,30.57,7,2021,2.182329
12.31,23.47,6,2013,2.188462
11.007893,29.715408,7,2020,2.198275
12.31,23.47,4,2013,2.2041008
12.56789,26.789012,1,2015,2.2090507
12.345678,24.876543,5,2012,2.237159
12.31,23.47,5,2013,2.2402043
14.741927,25.574201,7,2015,2.2492812
12.31,23.47,7,2012,2.2545395
12.678901,25.890123,12,2019,2.255579
14.741927,25.574201,5,2015,2.2556398
12.234567,25.456789,3,2015,2.259018
12.75,24.1333,1,2017,2.2805865
18.41113,22.378945,12,2017,2.282737
13.6333,22.4333,9,2016,2.2845101
12.56789,26.789012,9,2015,2.2897656
17.629421,24.409295,11,2015,2.3165364
11.987456,24.567891,4,2014,2.3339047
18.41113,22.378945,10,2017,2.3339279
18.41113,22.378945,7,2017,2.3381321
13.14,30.57,6,2021,2.3452375
11.007893,29.715408,12,2021,2.3919086
12.45,23.9,2,2020,2.3940248
18.41113,22.378945,11,2017,2.4021862
12.75,24.1333,12,2016,2.4106572
12.56789,26.789012,10,2014,2.4111
11.859,31.084,12,2021,2.4144022
13.14,30.57,1,2021,2.4199317
11.94,23.05,8,2013,2.429319
13.14,30.57,11,2020,2.4349372
13.14,30.57,5,2021,2.463134
12.789012,25.901234,3,2017,2.4727843
13.14,30.57,2,2021,2.4961948
14.741927,25.574201,6,2015,2.501676
13.14,30.57,6,2020,2.5097997
12.890123,25.012345,10,2018,2.5162835
13.14,30.57,4,2021,2.5317721
13.14,30.57,3,2021,2.5504386
12.31,23.47,6,2012,2.5606308
12.789012,25.901234,12,2016,2.565648
12.55,23.75,4,2017,2.5792718
11.987456,24.567891,3,2014,2.5869565
13.567891,26.345678,4,2016,2.5948653
12.56789,26.789012,8,2015,2.5997145
12.56789,26.789012,2,2015,2.6098163
13.14,30.57,10,2020,2.6420248
11.007893,29.715408,1,2022,2.6836722
11.007893,29.715408,8,2020,2.689451
11.007893,29.715408,11,2021,2.6908736
12.789012,25.901234,2,2017,2.7168348
11.87,22.89,2,2016,2.7269275
11.007893,29.715408,2,2022,2.729506
17.629421,24.409295,7,2015,2.744032
12.45,23.9,1,2020,2.7498198
12.56789,26.789012,5,2014,2.762184
13.14,30.57,7,2020,2.7782066
13.14,30.57,9,2020,2.7875278
11.859,31.084,1,2020,2.8363268
13.14,30.57,8,2020,2.8479683
12.56789,26.789012,7,2015,2.8550732
12.789012,25.901234,1,2017,2.8604548
11.859,31.084,11,2021,2.879135
12.56789,26.789012,9,2014,2.887691
13.567891,26.345678,12,2015,2.8920255
11.007893,29.715408,10,2021,2.945164
11.007893,29.715408,12,2020,2.949127
13.5,22.45,7,2011,2.9527202
11.007893,29.715408,9,2020,2.9696941
12.75,24.1333,11,2016,2.9877405
12.678901,25.890123,11,2019,2.9987473
12.56789,26.789012,3,2015,3.0148325
12.56789,26.789012,6,2015,3.0492678
11.007893,29.715408,11,2020,3.0611749
11.007893,29.715408,10,2020,3.0789003
13.6333,22.4333,8,2016,3.0935004
12.55,23.75,3,2017,3.1067636
11.007893,29.715408,9,2021,3.1606228
12.56789,26.789012,4,2015,3.1612432
12.45,23.9,12,2019,3.1632593
12.56789,26.789012,5,2015,3.1693337
12.31,23.47,5,2012,3.25287
11.859,31.084,10,2021,3.2664435
11.007893,29.715408,8,2021,3.3409944
11.87,22.89,3,2016,3.3497727
12.56789,26.789012,8,2014,3.4028285
11.007893,29.715408,1,2021,3.4084613
13.567891,26.345678,3,2016,3.436669
17.629421,24.409295,5,2015,3.4541526
13.589332,22.701395,12,2012,3.4569032
11.007893,29.715408,7,2021,3.4880934
11.859,31.084,12,2020,3.5180857
12.75,24.1333,10,2016,3.5268285
11.007893,29.715408,2,2021,3.5629163
13.589332,22.701395,1,2013,3.5779223
11.859,31.084,9,2021,3.59057
11.007893,29.715408,6,2021,3.6011746
13.589332,22.701395,4,2012,3.6052542
13.589332,22.701395,3,2012,3.609347
13.589332,22.701395,11,2012,3.6285932
12.56789,26.789012,6,2014,3.6402624
11.007893,29.715408,5,2021,3.677689
11.007893,29.715408,3,2021,3.6859415
12.45,23.9,11,2019,3.6975906
11.007893,29.715408,4,2021,3.7069001
13.589332,22.701395,2,2013,3.709585
13.589332,22.701395,10,2011,3.7138634
12.15,24.95,10,2011,3.7551603
13.589332,22.701395,10,2012,3.778323
12.31,23.47,4,2012,3.8010767
13.589332,22.701395,9,2013,3.8164933
11.859,31.084,11,2020,3.8435304
13.589332,22.701395,5,2012,3.8468199
11.859,31.084,8,2021,3.8612554
13.589332,22.701395,3,2013,3.8718178
13.589332,22.701395,2,2012,3.893842
13.589332,22.701395,9,2012,3.9115262
13.589332,22.701395,8,2013,3.9155264
12.56789,26.789012,7,2014,3.9433022
13.589332,22.701395,4,2013,3.9730244
13.589332,22.701395,7,2013,3.9856434
11.859,31.084,2,2020,3.9899406
13.589332,22.701395,6,2012,4.008025
13.589332,22.701395,8,2012,4.017331
13.589332,22.701395,6,2013,4.023909
13.589332,22.701395,5,2013,4.0250745
13.6333,22.4333,7,2016,4.0261707
13.589332,22.701395,7,2012,4.068141
11.859,31.084,1,2021,4.072921
12.75,24.1333,9,2016,4.072993
11.859,31.084,7,2021,4.084576
11.859,31.084,10,2020,4.122784
11.859,31.084,6,2021,4.262226
11.859,31.084,2,2021,4.2896266
11.859,31.084,9,2020,4.3626304
11.859,31.084,5,2021,4.3919306
12.32,23.6,2,2012,4.393118
11.859,31.084,3,2021,4.4488735
11.859,31.084,4,2021,4.4575973
13.567891,26.345678,1,2016,4.501584
12.32,23.6,1,2013,4.557911
11.859,31.084,8,2020,4.5680804
12.32,23.6,2,2013,4.5873957
12.32,23.6,1,2014,4.5952296
11.859,31.084,3,2020,4.6353364
12.689457,30.147852,3,2012,4.6479287
12.7,22.2,3,2015,4.6573
12.32,23.6,3,2013,4.663269
12.7,22.2,2,2015,4.694393
12.32,23.6,12,2012,4.6971774
12.32,23.6,12,2013,4.7293773
11.859,31.084,7,2020,4.7413354
12.7,22.2,4,2015,4.7589607
12.75,24.1333,8,2016,4.7611194
13.567891,26.345678,2,2016,4.774418
12.32,23.6,4,2013,4.7752056
12.7,22.2,3,2014,4.7769575
12.32,23.6,11,2012,4.784834
12.7,22.2,2,2014,4.7862396
12.7,22.2,1,2015,4.7938905
11.87,22.89,4,2016,4.8348756
12.32,23.6,11,2013,4.835498
12.32,23.6,10,2012,4.8370724
12.32,23.6,7,2012,4.8477983
12.7,22.2,1,2014,4.8478894
12.32,23.6,9,2012,4.8482447
12.32,23.6,8,2012,4.850884
12.32,23.6,5,2013,4.8684583
11.859,31.084,6,2020,4.8783083
12.32,23.6,3,2012,4.8814797
11.67,22.34,10,2014,4.8975573
12.7,22.2,4,2014,4.9075723
12.32,23.6,10,2013,4.911246
11.859,31.084,4,2020,4.9179573
12.32,23.6,6,2013,4.936625
11.859,31.084,5,2020,4.955976
12.32,23.6,9,2013,4.9587493
12.32,23.6,7,2013,4.9723396
12.32,23.6,8,2013,4.979341
12.32,23.6,6,2012,5.0107336
12.7,22.2,5,2014,5.0351844
12.32,23.6,5,2012,5.1454883
12.7,22.2,6,2014,5.159025
17.629421,24.409295,6,2015,5.181541
12.7,22.2,9,2013,5.2174234
12.7,22.2,7,2014,5.246759
12.7,22.2,10,2013,5.266377
12.7,22.2,12,2014,5.268076
12.7,22.2,11,2013,5.287708
12.7,22.2,8,2014,5.304981
12.7,22.2,11,2014,5.3149905
12.7,22.2,12,2013,5.3159175
12.7,22.2,9,2014,5.333466
12.7,22.2,10,2014,5.336661
13.589332,22.701395,1,2012,5.4081936
12.31,23.47,3,2012,5.4355326
17.62787,23.737268,5,2011,5.5282493
12.75,24.1333,7,2016,5.557278
12.7,22.2,8,2013,5.6575913
12.32,23.6,4,2012,5.683531
11.87,22.89,12,2017,5.7755933
11.87,22.89,5,2016,5.8292813
12.7,22.2,7,2013,5.9753613
11.87,22.89,11,2017,6.128089
12.7,22.2,5,2013,6.282982
11.87,22.89,12,2016,6.3969526
11.87,22.89,10,2017,6.3989835
11.87,22.89,1,2017,6.5374
11.87,22.89,9,2017,6.603887
11.87,22.89,2,2017,6.6272473
11.87,22.89,11,2016,6.6807075
11.87,22.89,6,2016,6.7098036
11.87,22.89,8,2017,6.7527633
11.87,22.89,3,2017,6.775449
11.87,22.89,7,2017,6.852505
11.87,22.89,4,2017,6.859232
13.589332,22.701395,12,2011,6.8900504
11.87,22.89,6,2017,6.9034977
11.87,22.89,5,2017,6.909549
11.87,22.89,10,2016,6.920533
11.67,22.34,11,2014,6.947609
17.62787,23.737268,4,2011,6.9616094
11.87,22.89,7,2016,7.095054
11.87,22.89,9,2016,7.1062264
11.87,22.89,8,2016,7.207226
11.67,22.34,12,2015,7.6443014
11.67,22.34,1,2016,7.6822443
11.67,22.34,2,2016,7.748471
11.67,22.34,11,2015,7.8016424
11.67,22.34,3,2016,7.8555665
11.67,22.34,10,2015,7.9189944
11.67,22.34,4,2016,7.9371257
11.67,22.34,5,2015,7.9934344
11.67,22.34,5,2016,7.993879
11.67,22.34,9,2015,7.9982057
11.67,22.34,7,2016,8.002873
11.67,22.34,6,2016,8.013912
11.67,22.34,4,2015,8.017906
11.67,22.34,6,2015,8.019576
11.67,22.34,8,2015,8.039317
11.67,22.34,7,2015,8.042642
11.67,22.34,3,2015,8.127218
11.67,22.34,12,2014,8.232149
11.67,22.34,2,2015,8.35041
12.7,22.2,6,2013,8.451447
11.67,22.34,1,2015,8.476822
13.589332,22.701395,11,2011,10.1753645
